height,paused,speed,stats.brood.eggs,stats.brood.larvae,stats.brood.nurse_target,stats.brood.nurses_current,stats.brood.pupae,stats.nurses_current,stats.nurses_target,stats.queue_avg,stats.receiver_queue,stats.receivers_active,stats.recruiting_foragers,stats.roles.forager,stats.roles.queen,stats.waggle_active,t,width
540,False,1.0,0,0,0.0,0,0,0,0,0.0,0.0,0,0,50,1,0,3.3627962693572044e-05,960
540,False,1.0,0,0,0.0,0,0,0,0,0.0,0.0,0,0,50,1,0,0.01757907896535471,960
540,False,1.0,0,0,0.0,0,0,0,0,0.0,0.0,0,0,50,1,0,0.03469410096295178,960
540,False,1.0,0,0,0.0,0,0,0,0,0.0,0.0,0,0,50,1,0,0.0519023549859412,960
540,False,1.0,0,0,0.0,0,0,0,0,0.0,0.0,0,0,50,1,0,0.06943578697973862,960
540,False,1.0,0,0,0.0,0,0,0,0,0.0,0.0,0,0,50,1,0,0.08678878395585343,960
540,False,1.0,0,0,0.0,0,0,0,0,0.0,0.0,0,0,50,1,0,0.10366234596585855,960
540,False,1.0,0,0,0.0,0,0,0,0,0.0,0.0,0,0,50,1,0,0.12026863294886425,960
540,False,1.0,0,0,0.0,0,0,0,0,0.0,0.0,0,0,50,1,0,0.13685357494978234,960
540,False,1.0,0,0,0.0,0,0,0,0,0.0,0.0,0,0,50,1,0,0.15371117397444323,960
540,False,1.0,0,0,0.0,0,0,0,0,0.0,0.0,0,0,50,1,0,0.17046945297624916,960
540,False,1.0,0,0,0.0,0,0,0,0,0.0,0.0,0,0,50,1,0,0.18711127195274457,960
540,False,1.0,0,0,0.0,0,0,0,0,0.0,0.0,0,0,50,1,0,0.20430688495980576,960
540,False,1.0,0,0,0.0,0,0,0,0,0.0,0.0,0,0,50,1,0,0.2210045859683305,960
540,False,1.0,0,0,0.0,0,0,0,0,0.0,0.0,0,0,50,1,0,0.23798809997970238,960
540,False,1.0,0,0,0.0,0,0,0,0,0.0,0.0,0,0,50,1,0,0.254943921987433,960
540,False,1.0,0,0,0.0,0,0,0,0,0.0,0.0,0,0,50,1,0,0.2718017610022798,960
540,False,1.0,0,0,0.0,0,0,0,0,0.0,0.0,0,0,50,1,0,0.2888912839698605,960
540,False,1.0,0,0,0.0,0,0,0,0,0.0,0.0,0,0,50,1,0,0.3062322689802386,960
540,False,1.0,0,0,0.0,0,0,0,0,0.0,0.0,0,0,50,1,0,0.3227158339577727,960
540,False,1.0,0,0,0.0,0,0,0,0,0.0,0.0,0,0,50,1,0,0.33944523095851764,960
540,False,1.0,0,0,0.0,0,0,0,0,0.0,0.0,0,0,50,1,0,0.3560160250053741,960
540,False,1.0,0,0,0.0,0,0,0,0,0.0,0.0,0,0,50,1,0,0.3733599779661745,960
540,False,1.0,0,0,0.0,0,0,0,0,0.0,0.0,0,0,50,1,0,0.38909506995696574,960
540,False,1.0,0,0,0.0,0,0,0,0,0.0,0.0,0,0,50,1,0,0.40603666997049004,960
540,False,1.0,0,0,0.0,0,0,0,0,0.0,0.0,0,0,50,1,0,0.4227059459662996,960
540,False,1.0,0,0,0.0,0,0,0,0,0.0,0.0,0,0,50,1,0,0.439421932969708,960
540,False,1.0,0,0,0.0,0,0,0,0,0.0,0.0,0,0,50,1,0,0.45602437295019627,960
540,False,1.0,0,0,0.0,0,0,0,0,0.0,0.0,0,0,50,1,0,0.4726944269496016,960
540,False,1.0,0,0,0.0,0,0,0,0,0.0,0.0,0,0,50,1,0,0.489099278987851,960
540,False,1.0,0,0,0.0,0,0,0,0,0.0,0.0,0,0,50,1,0,0.5058214659802616,960
540,False,1.0,0,0,0.0,0,0,0,0,0.0,0.0,0,0,50,1,0,0.5223642959608696,960
540,False,1.0,0,0,0.0,0,0,0,0,0.0,0.0,0,0,50,1,0,0.5389727589790709,960
540,False,1.0,0,0,0.0,0,0,0,0,0.0,0.0,0,0,50,1,0,0.5558553339797072,960
540,False,1.0,0,0,0.0,0,0,0,0,0.0,0.0,0,0,50,1,0,0.5727146299905144,960
540,False,1.0,0,0,0.0,0,0,0,0,0.0,0.0,0,0,50,1,0,0.5892798149725422,960
540,False,1.0,0,0,0.0,0,0,0,0,0.0,0.0,0,0,50,1,0,0.6052500559599139,960
540,False,1.0,0,0,0.0,0,0,0,0,0.0,0.0,0,0,50,1,0,0.6222611059783958,960
540,False,1.0,0,0,0.0,0,0,0,0,0.0,0.0,0,0,50,1,0,0.6388372399960645,960
540,False,1.0,0,0,0.0,0,0,0,0,0.0,0.0,0,0,50,1,0,0.6552988269831985,960
540,False,1.0,0,0,0.0,0,0,0,0,0.0,0.0,0,0,50,1,0,0.6726309710065834,960
540,False,1.0,0,0,0.0,0,0,0,0,0.0,0.0,0,0,50,1,0,0.6898661140003242,960
540,False,1.0,0,0,0.0,0,0,0,0,0.0,0.0,0,0,50,1,0,0.7062017910066061,960
540,False,1.0,0,0,0.0,0,0,0,0,0.0,0.0,0,0,50,1,0,0.7233968579676002,960
540,False,1.0,0,0,0.0,0,0,0,0,0.0,0.0,0,0,50,1,0,0.7407034239731729,960
540,False,1.0,0,0,0.0,0,0,0,0,0.0,0.0,0,0,50,1,0,0.7576653189607896,960
540,False,1.0,0,0,0.0,0,0,0,0,0.0,0.0,0,0,50,1,0,0.7746843929635361,960
540,False,1.0,0,0,0.0,0,0,0,0,0.0,0.0,0,0,50,1,0,0.7916561389574781,960
540,False,1.0,0,0,0.0,0,0,0,0,0.0,0.0,0,0,50,1,0,0.8088002749718726,960
540,False,1.0,0,0,0.0,0,0,0,0,0.0,0.0,0,0,50,1,0,0.8254071219707839,960
540,False,1.0,0,0,0.0,0,0,0,0,0.0,0.0,0,0,50,1,0,0.8421393589815125,960
540,False,1.0,0,0,0.0,0,0,0,0,0.0,0.0,0,0,50,1,0,0.8582746029715054,960
540,False,1.0,0,0,0.0,0,0,0,0,0.0,0.0,0,0,50,1,0,0.8755973409861326,960
540,False,1.0,0,0,0.0,0,0,0,0,0.0,0.0,0,0,50,1,0,0.8925139909842983,960
540,False,1.0,0,0,0.0,0,0,0,0,0.0,0.0,0,0,50,1,0,0.9090615399763919,960
540,False,1.0,0,0,0.0,0,0,0,0,0.0,0.0,0,0,50,1,0,0.9262990899733268,960
540,False,1.0,0,0,0.0,0,0,0,0,0.0,0.0,0,0,50,1,0,0.943263474968262,960
540,False,1.0,0,0,0.0,0,0,0,0,0.0,0.0,0,0,50,1,0,0.9609583449782804,960
540,False,1.0,0,0,0.0,0,0,0,0,0.0,0.0,0,0,50,1,0,0.9781466079875827,960
540,False,1.0,0,0,0.0,0,0,0,0,0.0,0.0,0,0,50,1,0,0.9963006839971058,960
540,False,1.0,0,0,0.0,0,0,0,0,0.0,0.0,0,0,50,1,0,1.013459707959555,960
540,False,1.0,0,0,0.0,0,0,0,0,0.0,0.0,0,0,50,1,0,1.0362671229522675,960
540,False,1.0,0,0,0.0,0,0,0,0,0.0,0.0,0,0,50,1,0,1.0538031369796954,960
540,False,1.0,0,0,0.0,0,0,0,0,0.0,0.0,0,0,50,1,0,1.0732734429766424,960
540,False,1.0,0,0,0.0,0,0,0,0,0.0,0.0,0,0,50,1,0,1.0907518239691854,960
540,False,1.0,0,0,0.0,0,0,0,0,0.0,0.0,0,0,50,1,0,1.1110645659500733,960
540,False,1.0,0,0,0.0,0,0,0,0,0.0,0.0,0,0,50,1,0,1.1281884969794191,960
540,False,1.0,0,0,0.0,0,0,0,0,0.0,0.0,0,0,50,1,0,1.1505766949849203,960
540,False,1.0,0,0,0.0,0,0,0,0,0.0,0.0,0,0,50,1,0,1.1673496749717742,960
540,False,1.0,0,0,0.0,0,0,0,0,0.0,0.0,0,0,50,1,0,1.1871241320041008,960
540,False,1.0,0,0,0.0,0,0,0,0,0.0,0.0,0,0,50,1,0,1.2044443109771237,960
540,False,1.0,0,0,0.0,0,0,0,0,0.0,0.0,0,0,50,1,0,1.223259088001214,960
540,False,1.0,0,0,0.0,0,0,0,0,0.0,0.0,0,0,50,1,0,1.2406439539627172,960
540,False,1.0,0,0,0.0,0,0,0,0,0.0,0.0,0,0,50,1,0,1.2587575759971514,960
540,False,1.0,0,0,0.0,0,0,0,0,0.0,0.0,0,0,50,1,0,1.276179255975876,960
540,False,1.0,0,0,0.0,0,0,0,0,0.0,0.0,0,0,50,1,0,1.2931964669842273,960
540,False,1.0,0,0,0.0,0,0,0,0,0.0,0.0,0,0,50,1,0,1.3105192869552411,960
540,False,1.0,0,0,0.0,0,0,0,0,0.0,0.0,0,0,50,1,0,1.3292363939690404,960
540,False,1.0,0,0,0.0,0,0,0,0,0.0,0.0,0,0,50,1,0,1.3461345719988458,960
540,False,1.0,0,0,0.0,0,0,0,0,0.0,0.0,0,0,50,1,0,1.3656397439772263,960
540,False,1.0,0,0,0.0,0,0,0,0,0.0,0.0,0,0,50,1,0,1.382664542994462,960
540,False,1.0,0,0,0.0,0,0,0,0,0.0,0.0,0,0,50,1,0,1.4011245939764194,960
540,False,1.0,0,0,0.0,0,0,0,0,0.0,0.0,0,0,50,1,0,1.4179602770018391,960
540,False,1.0,0,0,0.0,0,0,0,0,0.0,0.0,0,0,50,1,0,1.4366633309982717,960
540,False,1.0,0,0,0.0,0,0,0,0,0.0,0.0,0,0,50,1,0,1.4538513139705174,960
540,False,1.0,0,0,0.0,0,0,0,0,0.0,0.0,0,0,50,1,0,1.4720700509496965,960
540,False,1.0,0,0,0.0,0,0,0,0,0.0,0.0,0,0,50,1,0,1.4886392789776437,960
540,False,1.0,0,0,0.0,0,0,0,0,0.0,0.0,0,0,50,1,0,1.508253062958829,960
540,False,1.0,0,0,0.0,0,0,0,0,0.0,0.0,0,0,50,1,0,1.5256583739537746,960
540,False,1.0,0,0,0.0,0,0,0,0,0.0,0.0,0,0,50,1,0,1.543646051955875,960
540,False,1.0,0,0,0.0,0,0,0,0,0.0,0.0,0,0,50,1,0,1.5603450019843876,960
540,False,1.0,0,0,0.0,0,0,0,0,0.0,0.0,0,0,50,1,0,1.5824435349786654,960
540,False,1.0,0,0,0.0,0,0,0,0,0.0,0.0,0,0,50,1,0,1.599963337997906,960
540,False,1.0,0,0,0.0,0,0,0,0,0.0,0.0,0,0,50,1,0,1.6178089559543878,960
540,False,1.0,0,0,0.0,0,0,0,0,0.0,0.0,0,0,50,1,0,1.6342052340041846,960
540,False,1.0,0,0,0.0,0,0,0,0,0.0,0.0,0,0,50,1,0,1.6522739389911294,960
540,False,1.0,0,0,0.0,0,0,0,0,0.0,0.0,0,0,50,1,0,1.6689620119868778,960
540,False,1.0,0,0,0.0,0,0,0,0,0.0,0.0,0,0,50,1,0,1.687492963974364,960
540,False,1.0,0,0,0.0,0,0,0,0,0.0,0.0,0,0,50,1,0,1.704580970981624,960
540,False,1.0,0,0,0.0,0,0,0,0,0.0,0.0,0,0,50,1,0,1.723193618003279,960
540,False,1.0,0,0,0.0,0,0,0,0,0.0,0.0,0,0,50,1,0,1.740368447965011,960
540,False,1.0,0,0,0.0,0,0,0,0,0.0,0.0,0,0,50,1,0,1.7590075519983657,960
540,False,1.0,0,0,0.0,0,0,0,0,0.0,0.0,0,0,50,1,0,1.7763274390017614,960
540,False,1.0,0,0,0.0,0,0,0,0,0.0,0.0,0,0,50,1,0,1.7938511099782772,960
540,False,1.0,0,0,0.0,0,0,0,0,0.0,0.0,0,0,50,1,0,1.8113700060057454,960
540,False,1.0,0,0,0.0,0,0,0,0,0.0,0.0,0,0,50,1,0,1.828599934000522,960
540,False,1.0,0,0,0.0,0,0,0,0,0.0,0.0,0,0,50,1,0,1.845939514983911,960
540,False,1.0,0,0,0.0,0,0,0,0,0.0,0.0,0,0,50,1,0,1.8634403469623066,960
540,False,1.0,0,0,0.0,0,0,0,0,0.0,0.0,0,0,50,1,0,1.8804975139792077,960
540,False,1.0,0,0,0.0,0,0,0,0,0.0,0.0,0,0,50,1,0,1.8977148269768804,960
540,False,1.0,0,0,0.0,0,0,0,0,0.0,0.0,0,0,50,1,0,1.9142023529857397,960
540,False,1.0,0,0,0.0,0,0,0,0,0.0,0.0,0,0,50,1,0,1.9363971239654347,960
540,False,1.0,0,0,0.0,0,0,0,0,0.0,0.0,0,0,50,1,0,1.9536999079864472,960
540,False,1.0,0,0,0.0,0,0,0,0,0.0,0.0,0,0,50,1,0,1.975608957989607,960
540,False,1.0,0,0,0.0,0,0,0,0,0.0,0.0,0,0,50,1,0,1.9921922839712352,960
540,False,1.0,0,0,0.0,0,0,0,0,0.0,0.0,0,0,50,1,0,2.0116182569763623,960
540,False,1.0,0,0,0.0,0,0,0,0,0.0,0.0,0,0,50,1,0,2.0289236119715497,960
540,False,1.0,0,0,0.0,0,0,0,0,0.0,0.0,0,0,50,1,0,2.0486445219721645,960
540,False,1.0,0,0,0.0,0,0,0,0,0.0,0.0,0,0,50,1,0,2.066154355998151,960
540,False,1.0,0,0,0.0,0,0,0,0,0.0,0.0,0,0,50,1,0,2.0832052159821615,960
540,False,1.0,0,0,0.0,0,0,0,0,0.0,0.0,0,0,50,1,0,2.100318653974682,960
540,False,1.0,0,0,0.0,0,0,0,0,0.0,0.0,0,0,50,1,0,2.1182593120029196,960
540,False,1.0,0,0,0.0,0,0,0,0,0.0,0.0,0,0,50,1,0,2.1346627110033296,960
540,False,1.0,0,0,0.0,0,0,0,0,0.0,0.0,0,0,50,1,0,2.1526661859825253,960
540,False,1.0,0,0,0.0,0,0,0,0,0.0,0.0,0,0,50,1,0,2.169397958961781,960
540,False,1.0,0,0,0.0,0,0,0,0,0.0,0.0,0,0,50,1,0,2.187620368960779,960
540,False,1.0,0,0,0.0,0,0,0,0,0.0,0.0,0,0,50,1,0,2.2046861539711244,960
540,False,1.0,0,0,0.0,0,0,0,0,0.0,0.0,0,0,50,1,0,2.222626668983139,960
540,False,1.0,0,0,0.0,0,0,0,0,0.0,0.0,0,0,50,1,0,2.239832088991534,960
540,False,1.0,0,0,0.0,0,0,0,0,0.0,0.0,0,0,50,1,0,2.256967254972551,960
540,False,1.0,0,0,0.0,0,0,0,0,0.0,0.0,0,0,50,1,0,2.274144526978489,960
540,False,1.0,0,0,0.0,0,0,0,0,0.0,0.0,0,0,50,1,0,2.291980533977039,960
540,False,1.0,0,0,0.0,0,0,0,0,0.0,0.0,0,0,50,1,0,2.3096569709596224,960
540,False,1.0,0,0,0.0,0,0,0,0,0.0,0.0,0,0,50,1,0,2.327765255991835,960
540,False,1.0,0,0,0.0,0,0,0,0,0.0,0.0,0,0,50,1,0,2.3446959069697186,960
540,False,1.0,0,0,0.0,0,0,0,0,0.0,0.0,0,0,50,1,0,2.3667544269701466,960
540,False,1.0,0,0,0.0,0,0,0,0,0.0,0.0,0,0,50,1,0,2.3840270270011388,960
540,False,1.0,0,0,0.0,0,0,0,0,0.0,0.0,0,0,50,1,0,2.404696483979933,960
540,False,1.0,0,0,0.0,0,0,0,0,0.0,0.0,0,0,50,1,0,2.421795538975857,960
540,False,1.0,0,0,0.0,0,0,0,0,0.0,0.0,0,0,50,1,0,2.4412436859565787,960
540,False,1.0,0,0,0.0,0,0,0,0,0.0,0.0,0,0,50,1,0,2.4583333489717916,960
540,False,1.0,0,0,0.0,0,0,0,0,0.0,0.0,0,0,50,1,0,2.4788527700002305,960
540,False,1.0,0,0,0.0,0,0,0,0,0.0,0.0,0,0,50,1,0,2.4960830259951763,960
540,False,1.0,0,0,0.0,0,0,0,0,0.0,0.0,0,0,50,1,0,2.517560295003932,960
540,False,1.0,0,0,0.0,0,0,0,0,0.0,0.0,0,0,50,1,0,2.533129803952761,960
540,False,1.0,0,0,0.0,0,0,0,0,0.0,0.0,0,0,50,1,0,2.553383488964755,960
540,False,1.0,0,0,0.0,0,0,0,0,0.0,0.0,0,0,50,1,0,2.5707871969789267,960
540,False,1.0,0,0,0.0,0,0,0,0,0.0,0.0,0,0,50,1,0,2.5904295559739694,960
540,False,1.0,0,0,0.0,0,0,0,0,0.0,0.0,0,0,50,1,0,2.60774423496332,960
540,False,1.0,0,0,0.0,0,0,0,0,0.0,0.0,0,0,50,1,0,2.626618141948711,960
540,False,1.0,0,0,0.0,0,0,0,0,0.0,0.0,0,0,50,1,0,2.6435172469937243,960
540,False,1.0,0,0,0.0,0,0,0,0,0.0,0.0,0,0,50,1,0,2.662915155000519,960
540,False,1.0,0,0,0.0,0,0,0,0,0.0,0.0,0,0,50,1,0,2.679740708961617,960
540,False,1.0,0,0,0.0,0,0,0,0,0.0,0.0,0,0,50,1,0,2.6992959259659983,960
540,False,1.0,0,0,0.0,0,0,0,0,0.0,0.0,0,0,50,1,0,2.7169799159746617,960
540,False,1.0,0,0,0.0,0,0,0,0,0.0,0.0,0,0,50,1,0,2.7366323539754376,960
540,False,1.0,0,0,0.0,0,0,0,0,0.0,0.0,0,0,50,1,0,2.7540025789639913,960
540,False,1.0,0,0,0.0,0,0,0,0,0.0,0.0,0,0,50,1,0,2.7724690139875747,960
540,False,1.0,0,0,0.0,0,0,0,0,0.0,0.0,0,0,50,1,0,2.7893019799957983,960
540,False,1.0,0,0,0.0,0,0,0,0,0.0,0.0,0,0,50,1,0,2.80906546395272,960
540,False,1.0,0,0,0.0,0,0,0,0,0.0,0.0,0,0,50,1,0,2.826838744978886,960
540,False,1.0,0,0,0.0,0,0,0,0,0.0,0.0,0,0,50,1,0,2.846112541970797,960
540,False,1.0,0,0,0.0,0,0,0,0,0.0,0.0,0,0,50,1,0,2.86284934199648,960
540,False,1.0,0,0,0.0,0,0,0,0,0.0,0.0,0,0,50,1,0,2.8839028279762715,960
540,False,1.0,0,0,0.0,0,0,0,0,0.0,0.0,0,0,50,1,0,2.900663323001936,960
540,False,1.0,0,0,0.0,0,0,0,0,0.0,0.0,0,0,50,1,0,2.919443495979067,960
540,False,1.0,0,0,0.0,0,0,0,0,0.0,0.0,0,0,50,1,0,2.936355265963357,960
540,False,1.0,0,0,0.0,0,0,0,0,0.0,0.0,0,0,50,1,0,2.95693260099506,960
540,False,1.0,0,0,0.0,0,0,0,0,0.0,0.0,0,0,50,1,0,2.97387029096717,960
540,False,1.0,0,0,0.0,0,0,0,0,0.0,0.0,0,0,50,1,0,2.994807901966851,960
540,False,1.0,12,0,0.0,0,0,0,0,0.0,0.0,0,0,50,1,0,3.01144099899102,960
540,False,1.0,12,0,0.0,0,0,0,0,0.0,0.0,0,0,50,1,0,3.029038442997262,960
540,False,1.0,12,0,0.0,0,0,0,0,0.0,0.0,0,0,50,1,0,3.0460246689617634,960
540,False,1.0,12,0,0.0,0,0,0,0,0.0,0.0,0,0,50,1,0,3.0621769489953294,960
540,False,1.0,12,0,0.0,0,0,0,0,0.0,0.0,0,0,50,1,0,3.101097193954047,960
540,False,1.0,12,0,0.0,0,0,0,0,0.0,0.0,0,0,50,1,0,3.1182153649860993,960
540,False,1.0,12,0,0.0,0,0,0,0,0.0,0.0,0,0,50,1,0,3.135672723001335,960
540,False,1.0,12,0,0.0,0,0,0,0,0.0,0.0,0,0,50,1,0,3.152621413988527,960
540,False,1.0,12,0,0.0,0,0,0,0,0.0,0.0,0,0,50,1,0,3.1691143449861556,960
540,False,1.0,12,0,0.0,0,0,0,0,0.0,0.0,0,0,50,1,0,3.1858675039839,960
540,False,1.0,12,0,0.0,0,0,0,0,0.0,0.0,0,0,50,1,0,3.2030777629697695,960
540,False,1.0,12,0,0.0,0,0,0,0,0.0,0.0,0,0,50,1,0,3.2195374539587647,960
540,False,1.0,12,0,0.0,0,0,0,0,0.0,0.0,0,0,50,1,0,3.236851936962921,960
540,False,1.0,12,0,0.0,0,0,0,0,0.0,0.0,0,0,50,1,0,3.254171084961854,960
540,False,1.0,12,0,0.0,0,0,0,0,0.0,0.0,0,0,50,1,0,3.2714248200063594,960
540,False,1.0,12,0,0.0,0,0,0,0,0.0,0.0,0,0,50,1,0,3.2886426319601014,960
540,False,1.0,12,0,0.0,0,0,0,0,0.0,0.0,0,0,50,1,0,3.3055445659556426,960
540,False,1.0,12,0,0.0,0,0,0,0,0.0,0.0,0,0,50,1,0,3.322169706982095,960
540,False,1.0,12,0,0.0,0,0,0,0,0.0,0.0,0,0,50,1,0,3.3388326809508726,960
540,False,1.0,12,0,0.0,0,0,0,0,0.0,0.0,0,0,50,1,0,3.3557173059671186,960
540,False,1.0,12,0,0.0,0,0,0,0,0.0,0.0,0,0,50,1,0,3.372813767986372,960
540,False,1.0,12,0,0.0,0,0,0,0,0.0,0.0,0,0,50,1,0,3.3899359820061363,960
540,False,1.0,12,0,0.0,0,0,0,0,0.0,0.0,0,0,50,1,0,3.407007824978791,960
540,False,1.0,12,0,0.0,0,0,0,0,0.0,0.0,0,0,50,1,0,3.4244124369579367,960
540,False,1.0,12,0,0.0,0,0,0,0,0.0,0.0,0,0,50,1,0,3.441524441994261,960
540,False,1.0,12,0,0.0,0,0,0,0,0.0,0.0,0,0,50,1,0,3.4587755620013922,960
540,False,1.0,12,0,0.0,0,0,0,0,0.0,0.0,0,0,50,1,0,3.475704743003007,960
540,False,1.0,12,0,0.0,0,0,0,0,0.0,0.0,0,0,50,1,0,3.4921958329505287,960
540,False,1.0,12,0,0.0,0,0,0,0,0.0,0.0,0,0,50,1,0,3.509838707977906,960
540,False,1.0,12,0,0.0,0,0,0,0,0.0,0.0,0,0,50,1,0,3.526273366995156,960
540,False,1.0,12,0,0.0,0,0,0,0,0.0,0.0,0,0,50,1,0,3.5436050149728544,960
540,False,1.0,12,0,0.0,0,0,0,0,0.0,0.0,0,0,50,1,0,3.5609927469631657,960
540,False,1.0,12,0,0.0,0,0,0,0,0.0,0.0,0,0,50,1,0,3.5781907409545965,960
540,False,1.0,12,0,0.0,0,0,0,0,0.0,0.0,0,0,50,1,0,3.5953961039776914,960
540,False,1.0,12,0,0.0,0,0,0,0,0.0,0.0,0,0,50,1,0,3.6115872549708,960
540,False,1.0,12,0,0.0,0,0,0,0,0.0,0.0,0,0,50,1,0,3.6290433449903503,960
540,False,1.0,12,0,0.0,0,0,0,0,0.0,0.0,0,0,50,1,0,3.6467686179676093,960
540,False,1.0,12,0,0.0,0,0,0,0,0.0,0.0,0,0,50,1,0,3.6633545240038075,960
540,False,1.0,12,0,0.0,0,0,0,0,0.0,0.0,0,0,50,1,0,3.6801923879538663,960
540,False,1.0,12,0,0.0,0,0,0,0,0.0,0.0,0,0,50,1,0,3.6967513849958777,960
540,False,1.0,12,0,0.0,0,0,0,0,0.0,0.0,0,0,50,1,0,3.7133805039920844,960
540,False,1.0,12,0,0.0,0,0,0,0,0.0,0.0,0,0,50,1,0,3.730619760986883,960
540,False,1.0,12,0,0.0,0,0,0,0,0.0,0.0,0,0,50,1,0,3.7474964569555596,960
540,False,1.0,12,0,0.0,0,0,0,0,0.0,0.0,0,0,50,1,0,3.764205101004336,960
540,False,1.0,12,0,0.0,0,0,0,0,0.0,0.0,0,0,50,1,0,3.780734578962438,960
540,False,1.0,12,0,0.0,0,0,0,0,0.0,0.0,0,0,50,1,0,3.797388996987138,960
540,False,1.0,12,0,0.0,0,0,0,0,0.0,0.0,0,0,50,1,0,3.815066967974417,960
540,False,1.0,12,0,0.0,0,0,0,0,0.0,0.0,0,0,50,1,0,3.8319154320051894,960
540,False,1.0,12,0,0.0,0,0,0,0,0.0,0.0,0,0,50,1,0,3.849413536954671,960
540,False,1.0,12,0,0.0,0,0,0,0,0.0,0.0,0,0,50,1,0,3.86511234898353,960
540,False,1.0,12,0,0.0,0,0,0,0,0.0,0.0,0,0,50,1,0,3.884051133005414,960
540,False,1.0,12,0,0.0,0,0,0,0,0.0,0.0,0,0,50,1,0,3.901412002975121,960
540,False,1.0,12,0,0.0,0,0,0,0,0.0,0.0,0,0,50,1,0,3.9199775839806534,960
540,False,1.0,12,0,0.0,0,0,0,0,0.0,0.0,0,0,50,1,0,3.9367620879784226,960
540,False,1.0,12,0,0.0,0,0,0,0,0.0,0.0,0,0,50,1,0,3.9546947319759056,960
540,False,1.0,12,0,0.0,0,0,0,0,0.0,0.0,0,0,50,1,0,3.9719954149913974,960
540,False,1.0,12,0,0.0,0,0,0,0,0.0,0.0,0,0,50,1,0,3.990103164978791,960
540,False,1.0,12,0,0.0,0,0,0,0,0.0,0.0,0,0,50,1,0,4.0071218609809875,960
540,False,1.0,12,0,0.0,0,0,0,0,0.0,0.0,0,0,50,1,0,4.025298171967734,960
540,False,1.0,12,0,0.0,0,0,0,0,0.0,0.0,0,0,50,1,0,4.0425943689770065,960
540,False,1.0,12,0,0.0,0,0,0,0,0.0,0.0,0,0,50,1,0,4.060073576983996,960
540,False,1.0,12,0,0.0,0,0,0,0,0.0,0.0,0,0,50,1,0,4.0771088659530506,960
540,False,1.0,12,0,0.0,0,0,0,0,0.0,0.0,0,0,50,1,0,4.096703146991786,960
540,False,1.0,12,0,0.0,0,0,0,0,0.0,0.0,0,0,50,1,0,4.113128431956284,960
540,False,1.0,12,0,0.0,0,0,0,0,0.0,0.0,0,0,50,1,0,4.1317575319553725,960
540,False,1.0,12,0,0.0,0,0,0,0,0.0,0.0,0,0,50,1,0,4.1489336679806,960
540,False,1.0,12,0,0.0,0,0,0,0,0.0,0.0,0,0,50,1,0,4.166707789001521,960
540,False,1.0,12,0,0.0,0,0,0,0,0.0,0.0,0,0,50,1,0,4.183817090000957,960
540,False,1.0,12,0,0.0,0,0,0,0,0.0,0.0,0,0,50,1,0,4.202133670973126,960
540,False,1.0,12,0,0.0,0,0,0,0,0.0,0.0,0,0,50,1,0,4.218903857981786,960
540,False,1.0,12,0,0.0,0,0,0,0,0.0,0.0,0,0,50,1,0,4.23807882994879,960
540,False,1.0,12,0,0.0,0,0,0,0,0.0,0.0,0,0,50,1,0,4.25479534995975,960
540,False,1.0,12,0,0.0,0,0,0,0,0.0,0.0,0,0,50,1,0,4.273936785990372,960
540,False,1.0,12,0,0.0,0,0,0,0,0.0,0.0,0,0,50,1,0,4.290945904969703,960
540,False,1.0,12,0,0.0,0,0,0,0,0.0,0.0,0,0,50,1,0,4.307996113959234,960
540,False,1.0,12,0,0.0,0,0,0,0,0.0,0.0,0,0,50,1,0,4.324709740001708,960
540,False,1.0,12,0,0.0,0,0,0,0,0.0,0.0,0,0,50,1,0,4.342582864977885,960
540,False,1.0,12,0,0.0,0,0,0,0,0.0,0.0,0,0,50,1,0,4.359452739998233,960
540,False,1.0,12,0,0.0,0,0,0,0,0.0,0.0,0,0,50,1,0,4.3780898679979146,960
540,False,1.0,12,0,0.0,0,0,0,0,0.0,0.0,0,0,50,1,0,4.395306741993409,960
540,False,1.0,12,0,0.0,0,0,0,0,0.0,0.0,0,0,50,1,0,4.41362546896562,960
540,False,1.0,12,0,0.0,0,0,0,0,0.0,0.0,0,0,50,1,0,4.430084097955842,960
540,False,1.0,12,0,0.0,0,0,0,0,0.0,0.0,0,0,50,1,0,4.448453702963889,960
540,False,1.0,12,0,0.0,0,0,0,0,0.0,0.0,0,0,50,1,0,4.466036911995616,960
540,False,1.0,12,0,0.0,0,0,0,0,0.0,0.0,0,0,50,1,0,4.4859184139641,960
540,False,1.0,12,0,0.0,0,0,0,0,0.0,0.0,0,0,50,1,0,4.502959627949167,960
540,False,1.0,12,0,0.0,0,0,0,0,0.0,0.0,0,0,50,1,0,4.521017721970566,960
540,False,1.0,12,0,0.0,0,0,0,0,0.0,0.0,0,0,50,1,0,4.537811257992871,960
540,False,1.0,12,0,0.0,0,0,0,0,0.0,0.0,0,0,50,1,0,4.555708683968987,960
540,False,1.0,12,0,0.0,0,0,0,0,0.0,0.0,0,0,50,1,0,4.5722908600000665,960
540,False,1.0,12,0,0.0,0,0,0,0,0.0,0.0,0,0,50,1,0,4.590238144970499,960
540,False,1.0,12,0,0.0,0,0,0,0,0.0,0.0,0,0,50,1,0,4.607066559954546,960
540,False,1.0,12,0,0.0,0,0,0,0,0.0,0.0,0,0,50,1,0,4.62487030698685,960
540,False,1.0,12,0,0.0,0,0,0,0,0.0,0.0,0,0,50,1,0,4.641555567970499,960
540,False,1.0,12,0,0.0,0,0,0,0,0.0,0.0,0,0,50,1,0,4.658452452975325,960
540,False,1.0,12,0,0.0,0,0,0,0,0.0,0.0,0,0,50,1,0,4.674828750954475,960
540,False,1.0,12,0,0.0,0,0,0,0,0.0,0.0,0,0,50,1,0,4.694617062981706,960
540,False,1.0,12,0,0.0,0,0,0,0,0.0,0.0,0,0,50,1,0,4.711884260002989,960
540,False,1.0,12,0,0.0,0,0,0,0,0.0,0.0,0,0,50,1,0,4.728709401970264,960
540,False,1.0,12,0,0.0,0,0,0,0,0.0,0.0,0,0,50,1,0,4.746073860966135,960
540,False,1.0,12,0,0.0,0,0,0,0,0.0,0.0,0,0,50,1,0,4.763334161951207,960
540,False,1.0,12,0,0.0,0,0,0,0,0.0,0.0,0,0,50,1,0,4.779965581954457,960
540,False,1.0,12,0,0.0,0,0,0,0,0.0,0.0,0,0,50,1,0,4.798568847996648,960
540,False,1.0,12,0,0.0,0,0,0,0,0.0,0.0,0,0,50,1,0,4.815365550981369,960
540,False,1.0,12,0,0.0,0,0,0,0,0.0,0.0,0,0,50,1,0,4.834230854990892,960
540,False,1.0,12,0,0.0,0,0,0,0,0.0,0.0,0,0,50,1,0,4.8507833299809135,960
540,False,1.0,12,0,0.0,0,0,0,0,0.0,0.0,0,0,50,1,0,4.869802857981995,960
540,False,1.0,12,0,0.0,0,0,0,0,0.0,0.0,0,0,50,1,0,4.8863835809752345,960
540,False,1.0,12,0,0.0,0,0,0,0,0.0,0.0,0,0,50,1,0,4.904999443970155,960
540,False,1.0,12,0,0.0,0,0,0,0,0.0,0.0,0,0,50,1,0,4.922527492977679,960
540,False,1.0,12,0,0.0,0,0,0,0,0.0,0.0,0,0,50,1,0,4.941981160955038,960
540,False,1.0,12,0,0.0,0,0,0,0,0.0,0.0,0,0,50,1,0,4.959319293964654,960
540,False,1.0,12,0,0.0,0,0,0,0,0.0,0.0,0,0,50,1,0,4.980468394001946,960
540,False,1.0,12,0,0.0,0,0,0,0,0.0,0.0,0,0,50,1,0,4.997979294974357,960
540,False,1.0,12,0,0.0,0,0,0,0,0.0,0.0,0,0,50,1,0,5.019244702998549,960
540,False,1.0,12,0,0.0,0,0,0,0,0.0,0.0,0,0,50,1,0,5.0354747449746355,960
540,False,1.0,12,0,0.0,0,0,0,0,0.0,0.0,0,0,50,1,0,5.052046489960048,960
540,False,1.0,12,0,0.0,0,0,0,0,0.0,0.0,0,0,50,1,0,5.0686659759958275,960
540,False,1.0,12,0,0.0,0,0,0,0,0.0,0.0,0,0,50,1,0,5.085293045965955,960
540,False,1.0,12,0,0.0,0,0,0,0,0.0,0.0,0,0,50,1,0,5.1027205910068005,960
540,False,1.0,12,0,0.0,0,0,0,0,0.0,0.0,0,0,50,1,0,5.119690208986867,960
540,False,1.0,12,0,0.0,0,0,0,0,0.0,0.0,0,0,50,1,0,5.136456931999419,960
540,False,1.0,12,0,0.0,0,0,0,0,0.0,0.0,0,0,50,1,0,5.153717920999043,960
540,False,1.0,12,0,0.0,0,0,0,0,0.0,0.0,0,0,50,1,0,5.1705400289501995,960
540,False,1.0,12,0,0.0,0,0,0,0,0.0,0.0,0,0,50,1,0,5.1874916309607215,960
540,False,1.0,12,0,0.0,0,0,0,0,0.0,0.0,0,0,50,1,0,5.205570052959956,960
540,False,1.0,12,0,0.0,0,0,0,0,0.0,0.0,0,0,50,1,0,5.222143459948711,960
540,False,1.0,12,0,0.0,0,0,0,0,0.0,0.0,0,0,50,1,0,5.240048466948792,960
540,False,1.0,12,0,0.0,0,0,0,0,0.0,0.0,0,0,50,1,0,5.256743532954715,960
540,False,1.0,12,0,0.0,0,0,0,0,0.0,0.0,0,0,50,1,0,5.276542812003754,960
540,False,1.0,12,0,0.0,0,0,0,0,0.0,0.0,0,0,50,1,0,5.293871923990082,960
540,False,1.0,12,0,0.0,0,0,0,0,0.0,0.0,0,0,50,1,0,5.311730187968351,960
540,False,1.0,12,0,0.0,0,0,0,0,0.0,0.0,0,0,50,1,0,5.328963984968141,960
540,False,1.0,12,0,0.0,0,0,0,0,0.0,0.0,0,0,50,1,0,5.347104276006576,960
540,False,1.0,12,0,0.0,0,0,0,0,0.0,0.0,0,0,50,1,0,5.3631125839892775,960
540,False,1.0,12,0,0.0,0,0,0,0,0.0,0.0,0,0,50,1,0,5.383345941954758,960
540,False,1.0,12,0,0.0,0,0,0,0,0.0,0.0,0,0,50,1,0,5.400826599972788,960
540,False,1.0,12,0,0.0,0,0,0,0,0.0,0.0,0,0,50,1,0,5.420095057983417,960
540,False,1.0,12,0,0.0,0,0,0,0,0.0,0.0,0,0,50,1,0,5.43697608896764,960
540,False,1.0,12,0,0.0,0,0,0,0,0.0,0.0,0,0,50,1,0,5.455119952966925,960
540,False,1.0,12,0,0.0,0,0,0,0,0.0,0.0,0,0,50,1,0,5.4717132989899255,960
540,False,1.0,12,0,0.0,0,0,0,0,0.0,0.0,0,0,50,1,0,5.490028959000483,960
540,False,1.0,12,0,0.0,0,0,0,0,0.0,0.0,0,0,50,1,0,5.506570402998477,960
540,False,1.0,12,0,0.0,0,0,0,0,0.0,0.0,0,0,50,1,0,5.525520578958094,960
540,False,1.0,12,0,0.0,0,0,0,0,0.0,0.0,0,0,50,1,0,5.542827965982724,960
540,False,1.0,12,0,0.0,0,0,0,0,0.0,0.0,0,0,50,1,0,5.559949433954898,960
540,False,1.0,12,0,0.0,0,0,0,0,0.0,0.0,0,0,50,1,0,5.57731685298495,960
540,False,1.0,12,0,0.0,0,0,0,0,0.0,0.0,0,0,50,1,0,5.594921516953036,960
540,False,1.0,12,0,0.0,0,0,0,0,0.0,0.0,0,0,50,1,0,5.611862832971383,960
540,False,1.0,12,0,0.0,0,0,0,0,0.0,0.0,0,0,50,1,0,5.629259013978299,960
540,False,1.0,12,0,0.0,0,0,0,0,0.0,0.0,0,0,50,1,0,5.646674780000467,960
540,False,1.0,12,0,0.0,0,0,0,0,0.0,0.0,0,0,50,1,0,5.664576302981004,960
540,False,1.0,12,0,0.0,0,0,0,0,0.0,0.0,0,0,50,1,0,5.6801006439491175,960
540,False,1.0,12,0,0.0,0,0,0,0,0.0,0.0,0,0,50,1,0,5.696800631005317,960
540,False,1.0,12,0,0.0,0,0,0,0,0.0,0.0,0,0,50,1,0,5.713351419952232,960
540,False,1.0,12,0,0.0,0,0,0,0,0.0,0.0,0,0,50,1,0,5.730536217975896,960
540,False,1.0,12,0,0.0,0,0,0,0,0.0,0.0,0,0,50,1,0,5.747447406989522,960
540,False,1.0,12,0,0.0,0,0,0,0,0.0,0.0,0,0,50,1,0,5.763998592970893,960
540,False,1.0,12,0,0.0,0,0,0,0,0.0,0.0,0,0,50,1,0,5.78093979798723,960
540,False,1.0,12,0,0.0,0,0,0,0,0.0,0.0,0,0,50,1,0,5.797592596965842,960
540,False,1.0,12,0,0.0,0,0,0,0,0.0,0.0,0,0,50,1,0,5.814182451984379,960
540,False,1.0,12,0,0.0,0,0,0,0,0.0,0.0,0,0,50,1,0,5.831055120972451,960
540,False,1.0,12,0,0.0,0,0,0,0,0.0,0.0,0,0,50,1,0,5.8478132269810885,960
540,False,1.0,12,0,0.0,0,0,0,0,0.0,0.0,0,0,50,1,0,5.864543201983906,960
540,False,1.0,12,0,0.0,0,0,0,0,0.0,0.0,0,0,50,1,0,5.882766684982926,960
540,False,1.0,12,0,0.0,0,0,0,0,0.0,0.0,0,0,50,1,0,5.899714365950786,960
540,False,1.0,12,0,0.0,0,0,0,0,0.0,0.0,0,0,50,1,0,5.919407803972717,960
540,False,1.0,12,0,0.0,0,0,0,0,0.0,0.0,0,0,50,1,0,5.936715555959381,960
540,False,1.0,12,0,0.0,0,0,0,0,0.0,0.0,0,0,50,1,0,5.954476580955088,960
540,False,1.0,12,0,0.0,0,0,0,0,0.0,0.0,0,0,50,1,0,5.971765178954229,960
540,False,1.0,12,0,0.0,0,0,0,0,0.0,0.0,0,0,50,1,0,5.99131266400218,960
540,False,1.0,12,0,0.0,0,0,0,0,0.0,0.0,0,0,50,1,0,6.008316801977344,960
540,False,1.0,17,0,0.0,0,0,0,0,0.0,0.0,0,0,50,1,0,6.028618218959309,960
540,False,1.0,17,0,0.0,0,0,0,0,0.0,0.0,0,0,50,1,0,6.045492256002035,960
540,False,1.0,17,0,0.0,0,0,0,0,0.0,0.0,0,0,50,1,0,6.0659988159895875,960
540,False,1.0,17,0,0.0,0,0,0,0,0.0,0.0,0,0,50,1,0,6.0824401039863005,960
540,False,1.0,17,0,0.0,0,0,0,0,0.0,0.0,0,0,50,1,0,6.100959569972474,960
540,False,1.0,17,0,0.0,0,0,0,0,0.0,0.0,0,0,50,1,0,6.117923059966415,960
540,False,1.0,17,0,0.0,0,0,0,0,0.0,0.0,0,0,50,1,0,6.137517798983026,960
540,False,1.0,17,0,0.0,0,0,0,0,0.0,0.0,0,0,50,1,0,6.154725519998465,960
540,False,1.0,17,0,0.0,0,0,0,0,0.0,0.0,0,0,50,1,0,6.172779575979803,960
540,False,1.0,17,0,0.0,0,0,0,0,0.0,0.0,0,0,50,1,0,6.189651825989131,960
540,False,1.0,17,0,0.0,0,0,0,0,0.0,0.0,0,0,50,1,0,6.2096011899993755,960
540,False,1.0,17,0,0.0,0,0,0,0,0.0,0.0,0,0,50,1,0,6.22670709999511,960
540,False,1.0,17,0,0.0,0,0,0,0,0.0,0.0,0,0,50,1,0,6.244406234996859,960
540,False,1.0,17,0,0.0,0,0,0,0,0.0,0.0,0,0,50,1,0,6.2617736389511265,960
540,False,1.0,17,0,0.0,0,0,0,0,0.0,0.0,0,0,50,1,0,6.280944308964536,960
540,False,1.0,17,0,0.0,0,0,0,0,0.0,0.0,0,0,50,1,0,6.297532879980281,960
540,False,1.0,17,0,0.0,0,0,0,0,0.0,0.0,0,0,50,1,0,6.316050602006726,960
540,False,1.0,17,0,0.0,0,0,0,0,0.0,0.0,0,0,50,1,0,6.3334492149879225,960
540,False,1.0,17,0,0.0,0,0,0,0,0.0,0.0,0,0,50,1,0,6.352485719951801,960
540,False,1.0,17,0,0.0,0,0,0,0,0.0,0.0,0,0,50,1,0,6.369338235992473,960
540,False,1.0,17,0,0.0,0,0,0,0,0.0,0.0,0,0,50,1,0,6.3876603419776075,960
540,False,1.0,17,0,0.0,0,0,0,0,0.0,0.0,0,0,50,1,0,6.404655925987754,960
540,False,1.0,17,0,0.0,0,0,0,0,0.0,0.0,0,0,50,1,0,6.423599457950331,960
540,False,1.0,17,0,0.0,0,0,0,0,0.0,0.0,0,0,50,1,0,6.439077149960212,960
540,False,1.0,17,0,0.0,0,0,0,0,0.0,0.0,0,0,50,1,0,6.4591780779883265,960
540,False,1.0,17,0,0.0,0,0,0,0,0.0,0.0,0,0,50,1,0,6.476226425962523,960
540,False,1.0,17,0,0.0,0,0,0,0,0.0,0.0,0,0,50,1,0,6.494969074963592,960
540,False,1.0,17,0,0.0,0,0,0,0,0.0,0.0,0,0,50,1,0,6.511180429952219,960
540,False,1.0,17,0,0.0,0,0,0,0,0.0,0.0,0,0,50,1,0,6.527966467954684,960
540,False,1.0,17,0,0.0,0,0,0,0,0.0,0.0,0,0,50,1,0,6.545087428006809,960
540,False,1.0,17,0,0.0,0,0,0,0,0.0,0.0,0,0,50,1,0,6.561776870978065,960
540,False,1.0,17,0,0.0,0,0,0,0,0.0,0.0,0,0,50,1,0,6.578136770986021,960
540,False,1.0,17,0,0.0,0,0,0,0,0.0,0.0,0,0,50,1,0,6.594814062991645,960
540,False,1.0,17,0,0.0,0,0,0,0,0.0,0.0,0,0,50,1,0,6.6120839059585705,960
540,False,1.0,17,0,0.0,0,0,0,0,0.0,0.0,0,0,50,1,0,6.62939739896683,960
540,False,1.0,17,0,0.0,0,0,0,0,0.0,0.0,0,0,50,1,0,6.6463456630008295,960
540,False,1.0,17,0,0.0,0,0,0,0,0.0,0.0,0,0,50,1,0,6.663229697966017,960
540,False,1.0,17,0,0.0,0,0,0,0,0.0,0.0,0,0,50,1,0,6.684668381989468,960
540,False,1.0,17,0,0.0,0,0,0,0,0.0,0.0,0,0,50,1,0,6.701840722991619,960
540,False,1.0,17,0,0.0,0,0,0,0,0.0,0.0,0,0,50,1,0,6.72053040296305,960
540,False,1.0,17,0,0.0,0,0,0,0,0.0,0.0,0,0,50,1,0,6.73735188896535,960
540,False,1.0,17,0,0.0,0,0,0,0,0.0,0.0,0,0,50,1,0,6.756973940995522,960
540,False,1.0,17,0,0.0,0,0,0,0,0.0,0.0,0,0,50,1,0,6.773525403987151,960
540,False,1.0,17,0,0.0,0,0,0,0,0.0,0.0,0,0,50,1,0,6.7921093559707515,960
540,False,1.0,17,0,0.0,0,0,0,0,0.0,0.0,0,0,50,1,0,6.809248382982332,960
540,False,1.0,17,0,0.0,0,0,0,0,0.0,0.0,0,0,50,1,0,6.827029265987221,960
540,False,1.0,17,0,0.0,0,0,0,0,0.0,0.0,0,0,50,1,0,6.843544695992023,960
540,False,1.0,17,0,0.0,0,0,0,0,0.0,0.0,0,0,50,1,0,6.859984907961916,960
540,False,1.0,17,0,0.0,0,0,0,0,0.0,0.0,0,0,50,1,0,6.876910744991619,960
540,False,1.0,17,0,0.0,0,0,0,0,0.0,0.0,0,0,50,1,0,6.89373859600164,960
540,False,1.0,17,0,0.0,0,0,0,0,0.0,0.0,0,0,50,1,0,6.910590894985944,960
540,False,1.0,17,0,0.0,0,0,0,0,0.0,0.0,0,0,50,1,0,6.927928642951883,960
540,False,1.0,17,0,0.0,0,0,0,0,0.0,0.0,0,0,50,1,0,6.945019465987571,960
540,False,1.0,17,0,0.0,0,0,0,0,0.0,0.0,0,0,50,1,0,6.961963849957101,960
540,False,1.0,17,0,0.0,0,0,0,0,0.0,0.0,0,0,50,1,0,6.978824000980239,960
540,False,1.0,17,0,0.0,0,0,0,0,0.0,0.0,0,0,50,1,0,6.996262937958818,960
540,False,1.0,17,0,0.0,0,0,0,0,0.0,0.0,0,0,50,1,0,7.01204743195558,960
540,False,1.0,17,0,0.0,0,0,0,0,0.0,0.0,0,0,50,1,0,7.02949601894943,960
540,False,1.0,17,0,0.0,0,0,0,0,0.0,0.0,0,0,50,1,0,7.046795233967714,960
540,False,1.0,17,0,0.0,0,0,0,0,0.0,0.0,0,0,50,1,0,7.063472015957814,960
540,False,1.0,17,0,0.0,0,0,0,0,0.0,0.0,0,0,50,1,0,7.079041928984225,960
540,False,1.0,17,0,0.0,0,0,0,0,0.0,0.0,0,0,50,1,0,7.0963768839719705,960
540,False,1.0,17,0,0.0,0,0,0,0,0.0,0.0,0,0,50,1,0,7.113895443966612,960
540,False,1.0,17,0,0.0,0,0,0,0,0.0,0.0,0,0,50,1,0,7.130761220003478,960
540,False,1.0,17,0,0.0,0,0,0,0,0.0,0.0,0,0,50,1,0,7.147648001962807,960
540,False,1.0,17,0,0.0,0,0,0,0,0.0,0.0,0,0,50,1,0,7.164118263986893,960
540,False,1.0,17,0,0.0,0,0,0,0,0.0,0.0,0,0,50,1,0,7.181245474959724,960
540,False,1.0,17,0,0.0,0,0,0,0,0.0,0.0,0,0,50,1,0,7.198257677955553,960
540,False,1.0,17,0,0.0,0,0,0,0,0.0,0.0,0,0,50,1,0,7.2164755199919455,960
540,False,1.0,17,0,0.0,0,0,0,0,0.0,0.0,0,0,50,1,0,7.23392872599652,960
540,False,1.0,17,0,0.0,0,0,0,0,0.0,0.0,0,0,50,1,0,7.253600959957112,960
540,False,1.0,17,0,0.0,0,0,0,0,0.0,0.0,0,0,50,1,0,7.270640841976274,960
540,False,1.0,17,0,0.0,0,0,0,0,0.0,0.0,0,0,50,1,0,7.289253511000425,960
540,False,1.0,17,0,0.0,0,0,0,0,0.0,0.0,0,0,50,1,0,7.306251762958709,960
540,False,1.0,17,0,0.0,0,0,0,0,0.0,0.0,0,0,50,1,0,7.325317626004107,960
540,False,1.0,17,0,0.0,0,0,0,0,0.0,0.0,0,0,50,1,0,7.342423305963166,960
540,False,1.0,17,0,0.0,0,0,0,0,0.0,0.0,0,0,50,1,0,7.361846210958902,960
540,False,1.0,17,0,0.0,0,0,0,0,0.0,0.0,0,0,50,1,0,7.378367686003912,960
540,False,1.0,17,0,0.0,0,0,0,0,0.0,0.0,0,0,50,1,0,7.398083684965968,960
540,False,1.0,17,0,0.0,0,0,0,0,0.0,0.0,0,0,50,1,0,7.414973532955628,960
540,False,1.0,17,0,0.0,0,0,0,0,0.0,0.0,0,0,50,1,0,7.4355793059803545,960
540,False,1.0,17,0,0.0,0,0,0,0,0.0,0.0,0,0,50,1,0,7.452855404000729,960
540,False,1.0,17,0,0.0,0,0,0,0,0.0,0.0,0,0,50,1,0,7.470987298002001,960
540,False,1.0,17,0,0.0,0,0,0,0,0.0,0.0,0,0,50,1,0,7.48843887494877,960
540,False,1.0,17,0,0.0,0,0,0,0,0.0,0.0,0,0,50,1,0,7.506807714002207,960
540,False,1.0,17,0,0.0,0,0,0,0,0.0,0.0,0,0,50,1,0,7.523713364964351,960
540,False,1.0,17,0,0.0,0,0,0,0,0.0,0.0,0,0,50,1,0,7.5419101099832915,960
540,False,1.0,17,0,0.0,0,0,0,0,0.0,0.0,0,0,50,1,0,7.558961815957446,960
540,False,1.0,17,0,0.0,0,0,0,0,0.0,0.0,0,0,50,1,0,7.577409209974576,960
540,False,1.0,17,0,0.0,0,0,0,0,0.0,0.0,0,0,50,1,0,7.5945864410023205,960
540,False,1.0,17,0,0.0,0,0,0,0,0.0,0.0,0,0,50,1,0,7.613317028968595,960
540,False,1.0,17,0,0.0,0,0,0,0,0.0,0.0,0,0,50,1,0,7.629083019972313,960
540,False,1.0,17,0,0.0,0,0,0,0,0.0,0.0,0,0,50,1,0,7.649840570986271,960
540,False,1.0,17,0,0.0,0,0,0,0,0.0,0.0,0,0,50,1,0,7.666964892996475,960
540,False,1.0,17,0,0.0,0,0,0,0,0.0,0.0,0,0,50,1,0,7.684954809956253,960
540,False,1.0,17,0,0.0,0,0,0,0,0.0,0.0,0,0,50,1,0,7.702258896955755,960
540,False,1.0,17,0,0.0,0,0,0,0,0.0,0.0,0,0,50,1,0,7.720183782977983,960
540,False,1.0,17,0,0.0,0,0,0,0,0.0,0.0,0,0,50,1,0,7.7369483659858815,960
540,False,1.0,17,0,0.0,0,0,0,0,0.0,0.0,0,0,50,1,0,7.755609221989289,960
540,False,1.0,17,0,0.0,0,0,0,0,0.0,0.0,0,0,50,1,0,7.772096353000961,960
540,False,1.0,17,0,0.0,0,0,0,0,0.0,0.0,0,0,50,1,0,7.790501916955691,960
540,False,1.0,17,0,0.0,0,0,0,0,0.0,0.0,0,0,50,1,0,7.807704535953235,960
540,False,1.0,17,0,0.0,0,0,0,0,0.0,0.0,0,0,50,1,0,7.827269357978366,960
540,False,1.0,17,0,0.0,0,0,0,0,0.0,0.0,0,0,50,1,0,7.844205345958471,960
540,False,1.0,17,0,0.0,0,0,0,0,0.0,0.0,0,0,50,1,0,7.865023856982589,960
540,False,1.0,17,0,0.0,0,0,0,0,0.0,0.0,0,0,50,1,0,7.882402969989926,960
540,False,1.0,17,0,0.0,0,0,0,0,0.0,0.0,0,0,50,1,0,7.90066859399667,960
540,False,1.0,17,0,0.0,0,0,0,0,0.0,0.0,0,0,50,1,0,7.917974176991265,960
540,False,1.0,17,0,0.0,0,0,0,0,0.0,0.0,0,0,50,1,0,7.935799918952398,960
540,False,1.0,17,0,0.0,0,0,0,0,0.0,0.0,0,0,50,1,0,7.952424276969396,960
540,False,1.0,17,0,0.0,0,0,0,0,0.0,0.0,0,0,50,1,0,7.969939437985886,960
540,False,1.0,17,0,0.0,0,0,0,0,0.0,0.0,0,0,50,1,0,7.986679010966327,960
540,False,1.0,17,0,0.0,0,0,0,0,0.0,0.0,0,0,50,1,0,8.004984038998373,960
540,False,1.0,17,0,0.0,0,0,0,0,0.0,0.0,0,0,50,1,0,8.022197632992174,960
540,False,1.0,17,0,0.0,0,0,0,0,0.0,0.0,0,0,50,1,0,8.039649668964557,960
540,False,1.0,17,0,0.0,0,0,0,0,0.0,0.0,0,0,50,1,0,8.056414695980493,960
540,False,1.0,17,0,0.0,0,0,0,0,0.0,0.0,0,0,50,1,0,8.073593673994765,960
540,False,1.0,17,0,0.0,0,0,0,0,0.0,0.0,0,0,50,1,0,8.090224428975489,960
540,False,1.0,17,0,0.0,0,0,0,0,0.0,0.0,0,0,50,1,0,8.10796609398676,960
540,False,1.0,17,0,0.0,0,0,0,0,0.0,0.0,0,0,50,1,0,8.124810495006386,960
540,False,1.0,17,0,0.0,0,0,0,0,0.0,0.0,0,0,50,1,0,8.142512862978037,960
540,False,1.0,17,0,0.0,0,0,0,0,0.0,0.0,0,0,50,1,0,8.15804319694871,960
540,False,1.0,17,0,0.0,0,0,0,0,0.0,0.0,0,0,50,1,0,8.174803194997367,960
540,False,1.0,17,0,0.0,0,0,0,0,0.0,0.0,0,0,50,1,0,8.191402679949533,960
540,False,1.0,17,0,0.0,0,0,0,0,0.0,0.0,0,0,50,1,0,8.208133117994294,960
540,False,1.0,17,0,0.0,0,0,0,0,0.0,0.0,0,0,50,1,0,8.224136820994318,960
540,False,1.0,17,0,0.0,0,0,0,0,0.0,0.0,0,0,50,1,0,8.240897291980218,960
540,False,1.0,17,0,0.0,0,0,0,0,0.0,0.0,0,0,50,1,0,8.257821657985914,960
540,False,1.0,17,0,0.0,0,0,0,0,0.0,0.0,0,0,50,1,0,8.275240766000934,960
540,False,1.0,17,0,0.0,0,0,0,0,0.0,0.0,0,0,50,1,0,8.292833536979742,960
540,False,1.0,17,0,0.0,0,0,0,0,0.0,0.0,0,0,50,1,0,8.310036805982236,960
540,False,1.0,17,0,0.0,0,0,0,0,0.0,0.0,0,0,50,1,0,8.326324977970216,960
540,False,1.0,17,0,0.0,0,0,0,0,0.0,0.0,0,0,50,1,0,8.34305189998122,960
540,False,1.0,17,0,0.0,0,0,0,0,0.0,0.0,0,0,50,1,0,8.35939579299884,960
540,False,1.0,17,0,0.0,0,0,0,0,0.0,0.0,0,0,50,1,0,8.376457454985939,960
540,False,1.0,17,0,0.0,0,0,0,0,0.0,0.0,0,0,50,1,0,8.393645281961653,960
540,False,1.0,17,0,0.0,0,0,0,0,0.0,0.0,0,0,50,1,0,8.410524217993952,960
540,False,1.0,17,0,0.0,0,0,0,0,0.0,0.0,0,0,50,1,0,8.427357856999151,960
540,False,1.0,17,0,0.0,0,0,0,0,0.0,0.0,0,0,50,1,0,8.444002575997729,960
540,False,1.0,17,0,0.0,0,0,0,0,0.0,0.0,0,0,50,1,0,8.46092751895776,960
540,False,1.0,17,0,0.0,0,0,0,0,0.0,0.0,0,0,50,1,0,8.478344778995961,960
540,False,1.0,17,0,0.0,0,0,0,0,0.0,0.0,0,0,50,1,0,8.494397236965597,960
540,False,1.0,17,0,0.0,0,0,0,0,0.0,0.0,0,0,50,1,0,8.511452788952738,960
540,False,1.0,17,0,0.0,0,0,0,0,0.0,0.0,0,0,50,1,0,8.529367226990871,960
540,False,1.0,17,0,0.0,0,0,0,0,0.0,0.0,0,0,50,1,0,8.54613240098115,960
540,False,1.0,17,0,0.0,0,0,0,0,0.0,0.0,0,0,50,1,0,8.566565788991284,960
540,False,1.0,17,0,0.0,0,0,0,0,0.0,0.0,0,0,50,1,0,8.583449710975401,960
540,False,1.0,17,0,0.0,0,0,0,0,0.0,0.0,0,0,50,1,0,8.602994426968507,960
540,False,1.0,17,0,0.0,0,0,0,0,0.0,0.0,0,0,50,1,0,8.620348320982885,960
540,False,1.0,17,0,0.0,0,0,0,0,0.0,0.0,0,0,50,1,0,8.640059761994053,960
540,False,1.0,17,0,0.0,0,0,0,0,0.0,0.0,0,0,50,1,0,8.656857699970715,960
540,False,1.0,17,0,0.0,0,0,0,0,0.0,0.0,0,0,50,1,0,8.67706273496151,960
540,False,1.0,17,0,0.0,0,0,0,0,0.0,0.0,0,0,50,1,0,8.693753509956878,960
540,False,1.0,17,0,0.0,0,0,0,0,0.0,0.0,0,0,50,1,0,8.713748489972204,960
540,False,1.0,17,0,0.0,0,0,0,0,0.0,0.0,0,0,50,1,0,8.730460189981386,960
540,False,1.0,17,0,0.0,0,0,0,0,0.0,0.0,0,0,50,1,0,8.75166970898863,960
540,False,1.0,17,0,0.0,0,0,0,0,0.0,0.0,0,0,50,1,0,8.768129177973606,960
540,False,1.0,17,0,0.0,0,0,0,0,0.0,0.0,0,0,50,1,0,8.786119285970926,960
540,False,1.0,17,0,0.0,0,0,0,0,0.0,0.0,0,0,50,1,0,8.802735803998075,960
540,False,1.0,17,0,0.0,0,0,0,0,0.0,0.0,0,0,50,1,0,8.821234064002056,960
540,False,1.0,17,0,0.0,0,0,0,0,0.0,0.0,0,0,50,1,0,8.837887624977157,960
540,False,1.0,17,0,0.0,0,0,0,0,0.0,0.0,0,0,50,1,0,8.85575729800621,960
540,False,1.0,17,0,0.0,0,0,0,0,0.0,0.0,0,0,50,1,0,8.872480481979437,960
540,False,1.0,17,0,0.0,0,0,0,0,0.0,0.0,0,0,50,1,0,8.889661319961306,960
540,False,1.0,17,0,0.0,0,0,0,0,0.0,0.0,0,0,50,1,0,8.90646669495618,960
540,False,1.0,17,0,0.0,0,0,0,0,0.0,0.0,0,0,50,1,0,8.923597474989947,960
540,False,1.0,17,0,0.0,0,0,0,0,0.0,0.0,0,0,50,1,0,8.940219176001847,960
540,False,1.0,17,0,0.0,0,0,0,0,0.0,0.0,0,0,50,1,0,8.957966037967708,960
540,False,1.0,17,0,0.0,0,0,0,0,0.0,0.0,0,0,50,1,0,8.974742519960273,960
540,False,1.0,17,0,0.0,0,0,0,0,0.0,0.0,0,0,50,1,0,8.992620728968177,960
540,False,1.0,17,0,0.0,0,0,0,0,0.0,0.0,0,0,50,1,0,9.009433852974325,960
540,False,1.0,17,0,0.0,0,0,0,0,0.0,0.0,0,0,50,1,0,9.0269061709987,960
540,False,1.0,18,0,0.0,0,0,0,0,0.0,0.0,0,0,50,1,0,9.043840075959451,960
540,False,1.0,18,0,0.0,0,0,0,0,0.0,0.0,0,0,50,1,0,9.060976670996752,960
540,False,1.0,18,0,0.0,0,0,0,0,0.0,0.0,0,0,50,1,0,9.07716733199777,960
540,False,1.0,18,0,0.0,0,0,0,0,0.0,0.0,0,0,50,1,0,9.093968657951336,960
540,False,1.0,18,0,0.0,0,0,0,0,0.0,0.0,0,0,50,1,0,9.1104230589699,960
540,False,1.0,18,0,0.0,0,0,0,0,0.0,0.0,0,0,50,1,0,9.12728816899471,960
540,False,1.0,18,0,0.0,0,0,0,0,0.0,0.0,0,0,50,1,0,9.144928100984544,960
540,False,1.0,18,0,0.0,0,0,0,0,0.0,0.0,0,0,50,1,0,9.16130635800073,960
540,False,1.0,18,0,0.0,0,0,0,0,0.0,0.0,0,0,50,1,0,9.17896461795317,960
540,False,1.0,18,0,0.0,0,0,0,0,0.0,0.0,0,0,50,1,0,9.195813313999679,960
540,False,1.0,18,0,0.0,0,0,0,0,0.0,0.0,0,0,50,1,0,9.212033685995266,960
540,False,1.0,18,0,0.0,0,0,0,0,0.0,0.0,0,0,50,1,0,9.2285727589624,960
540,False,1.0,18,0,0.0,0,0,0,0,0.0,0.0,0,0,50,1,0,9.245978966006078,960
540,False,1.0,18,0,0.0,0,0,0,0,0.0,0.0,0,0,50,1,0,9.262438823003322,960
540,False,1.0,18,0,0.0,0,0,0,0,0.0,0.0,0,0,50,1,0,9.278510014002677,960
540,False,1.0,18,0,0.0,0,0,0,0,0.0,0.0,0,0,50,1,0,9.295438769971952,960
540,False,1.0,18,0,0.0,0,0,0,0,0.0,0.0,0,0,50,1,0,9.31268111296231,960
540,False,1.0,18,0,0.0,0,0,0,0,0.0,0.0,0,0,50,1,0,9.329236302990466,960
540,False,1.0,18,0,0.0,0,0,0,0,0.0,0.0,0,0,50,1,0,9.349955834972207,960
540,False,1.0,18,0,0.0,0,0,0,0,0.0,0.0,0,0,50,1,0,9.367001676990185,960
540,False,1.0,18,0,0.0,0,0,0,0,0.0,0.0,0,0,50,1,0,9.386562299972866,960
540,False,1.0,18,0,0.0,0,0,0,0,0.0,0.0,0,0,50,1,0,9.403356355964206,960
540,False,1.0,18,0,0.0,0,0,0,0,0.0,0.0,0,0,50,1,0,9.422808932955377,960
540,False,1.0,18,0,0.0,0,0,0,0,0.0,0.0,0,0,50,1,0,9.440000028989743,960
540,False,1.0,18,0,0.0,0,0,0,0,0.0,0.0,0,0,50,1,0,9.457525061967317,960
540,False,1.0,18,0,0.0,0,0,0,0,0.0,0.0,0,0,50,1,0,9.474856063956395,960
540,False,1.0,18,0,0.0,0,0,0,0,0.0,0.0,0,0,50,1,0,9.492410174978431,960
540,False,1.0,18,0,0.0,0,0,0,0,0.0,0.0,0,0,50,1,0,9.509574436990079,960
540,False,1.0,18,0,0.0,0,0,0,0,0.0,0.0,0,0,50,1,0,9.527355492988136,960
540,False,1.0,18,0,0.0,0,0,0,0,0.0,0.0,0,0,50,1,0,9.544008073979057,960
540,False,1.0,18,0,0.0,0,0,0,0,0.0,0.0,0,0,50,1,0,9.562474944978021,960
540,False,1.0,18,0,0.0,0,0,0,0,0.0,0.0,0,0,50,1,0,9.579126553959213,960
540,False,1.0,18,0,0.0,0,0,0,0,0.0,0.0,0,0,50,1,0,9.597518631955609,960
540,False,1.0,18,0,0.0,0,0,0,0,0.0,0.0,0,0,50,1,0,9.614515873952769,960
540,False,1.0,18,0,0.0,0,0,0,0,0.0,0.0,0,0,50,1,0,9.63296892796643,960
540,False,1.0,18,0,0.0,0,0,0,0,0.0,0.0,0,0,50,1,0,9.649956542998552,960
540,False,1.0,18,0,0.0,0,0,0,0,0.0,0.0,0,0,50,1,0,9.668163536989596,960
540,False,1.0,18,0,0.0,0,0,0,0,0.0,0.0,0,0,50,1,0,9.684160818986129,960
540,False,1.0,18,0,0.0,0,0,0,0,0.0,0.0,0,0,50,1,0,9.700957776978612,960
540,False,1.0,18,0,0.0,0,0,0,0,0.0,0.0,0,0,50,1,0,9.717491946998052,960
540,False,1.0,18,0,0.0,0,0,0,0,0.0,0.0,0,0,50,1,0,9.734550673980266,960
540,False,1.0,18,0,0.0,0,0,0,0,0.0,0.0,0,0,50,1,0,9.75195641600294,960
540,False,1.0,18,0,0.0,0,0,0,0,0.0,0.0,0,0,50,1,0,9.768933799990918,960
540,False,1.0,18,0,0.0,0,0,0,0,0.0,0.0,0,0,50,1,0,9.785132322984282,960
540,False,1.0,18,0,0.0,0,0,0,0,0.0,0.0,0,0,50,1,0,9.801967232953757,960
540,False,1.0,18,0,0.0,0,0,0,0,0.0,0.0,0,0,50,1,0,9.818791489989962,960
540,False,1.0,18,0,0.0,0,0,0,0,0.0,0.0,0,0,50,1,0,9.835327875975054,960
540,False,1.0,18,0,0.0,0,0,0,0,0.0,0.0,0,0,50,1,0,9.85122859996045,960
540,False,1.0,18,0,0.0,0,0,0,0,0.0,0.0,0,0,50,1,0,9.868232254986651,960
540,False,1.0,18,0,0.0,0,0,0,0,0.0,0.0,0,0,50,1,0,9.884088540973607,960
540,False,1.0,18,0,0.0,0,0,0,0,0.0,0.0,0,0,50,1,0,9.900803953001741,960
540,False,1.0,18,0,0.0,0,0,0,0,0.0,0.0,0,0,50,1,0,9.917917215963826,960
540,False,1.0,18,0,0.0,0,0,0,0,0.0,0.0,0,0,50,1,0,9.93497485795524,960
540,False,1.0,18,0,0.0,0,0,0,0,0.0,0.0,0,0,50,1,0,9.951654345961288,960
540,False,1.0,18,0,0.0,0,0,0,0,0.0,0.0,0,0,50,1,0,9.96854460297618,960
540,False,1.0,18,0,0.0,0,0,0,0,0.0,0.0,0,0,50,1,0,9.98563180497149,960
540,False,1.0,18,0,0.0,0,0,0,0,0.0,0.0,0,0,50,1,0,10.00247131800279,960
540,False,1.0,18,0,0.0,0,0,0,0,0.0,0.0,0,0,50,1,0,10.01912040595198,960
540,False,1.0,18,0,0.0,0,0,0,0,0.0,0.0,0,0,50,1,0,10.03600074298447,960
540,False,1.0,18,0,0.0,0,0,0,0,0.0,0.0,0,0,50,1,0,10.053737442998681,960
540,False,1.0,18,0,0.0,0,0,0,0,0.0,0.0,0,0,50,1,0,10.07162746496033,960
540,False,1.0,18,0,0.0,0,0,0,0,0.0,0.0,0,0,50,1,0,10.08737124496838,960
540,False,1.0,18,0,0.0,0,0,0,0,0.0,0.0,0,0,50,1,0,10.105352304992266,960
540,False,1.0,18,0,0.0,0,0,0,0,0.0,0.0,0,0,50,1,0,10.121916620992124,960
540,False,1.0,18,0,0.0,0,0,0,0,0.0,0.0,0,0,50,1,0,10.138771380006801,960
540,False,1.0,18,0,0.0,0,0,0,0,0.0,0.0,0,0,50,1,0,10.155999412003439,960
540,False,1.0,18,0,0.0,0,0,0,0,0.0,0.0,0,0,50,1,0,10.172972375003155,960
540,False,1.0,18,0,0.0,0,0,0,0,0.0,0.0,0,0,50,1,0,10.19107584899757,960
540,False,1.0,18,0,0.0,0,0,0,0,0.0,0.0,0,0,50,1,0,10.20790911297081,960
540,False,1.0,18,0,0.0,0,0,0,0,0.0,0.0,0,0,50,1,0,10.225675106979907,960
540,False,1.0,18,0,0.0,0,0,0,0,0.0,0.0,0,0,50,1,0,10.24236682796618,960
540,False,1.0,18,0,0.0,0,0,0,0,0.0,0.0,0,0,50,1,0,10.26011470798403,960
540,False,1.0,18,0,0.0,0,0,0,0,0.0,0.0,0,0,50,1,0,10.27746794099221,960
540,False,1.0,18,0,0.0,0,0,0,0,0.0,0.0,0,0,50,1,0,10.295368260005489,960
540,False,1.0,18,0,0.0,0,0,0,0,0.0,0.0,0,0,50,1,0,10.312083728960715,960
540,False,1.0,18,0,0.0,0,0,0,0,0.0,0.0,0,0,50,1,0,10.33118347695563,960
540,False,1.0,18,0,0.0,0,0,0,0,0.0,0.0,0,0,50,1,0,10.34791575995041,960
540,False,1.0,18,0,0.0,0,0,0,0,0.0,0.0,0,0,50,1,0,10.36786364595173,960
540,False,1.0,18,0,0.0,0,0,0,0,0.0,0.0,0,0,50,1,0,10.383970792987384,960
540,False,1.0,18,0,0.0,0,0,0,0,0.0,0.0,0,0,50,1,0,10.401978007983416,960
540,False,1.0,18,0,0.0,0,0,0,0,0.0,0.0,0,0,50,1,0,10.419611539982725,960
540,False,1.0,18,0,0.0,0,0,0,0,0.0,0.0,0,0,50,1,0,10.437885552993976,960
540,False,1.0,18,0,0.0,0,0,0,0,0.0,0.0,0,0,50,1,0,10.455199109972455,960
540,False,1.0,18,0,0.0,0,0,0,0,0.0,0.0,0,0,50,1,0,10.472459479002282,960
540,False,1.0,18,0,0.0,0,0,0,0,0.0,0.0,0,0,50,1,0,10.489772633998655,960
540,False,1.0,18,0,0.0,0,0,0,0,0.0,0.0,0,0,50,1,0,10.506261346978135,960
540,False,1.0,18,0,0.0,0,0,0,0,0.0,0.0,0,0,50,1,0,10.52283372200327,960
540,False,1.0,18,0,0.0,0,0,0,0,0.0,0.0,0,0,50,1,0,10.541112482955214,960
540,False,1.0,18,0,0.0,0,0,0,0,0.0,0.0,0,0,50,1,0,10.557819159002975,960
540,False,1.0,18,0,0.0,0,0,0,0,0.0,0.0,0,0,50,1,0,10.576341895968653,960
540,False,1.0,18,0,0.0,0,0,0,0,0.0,0.0,0,0,50,1,0,10.59362624795176,960
540,False,1.0,18,0,0.0,0,0,0,0,0.0,0.0,0,0,50,1,0,10.611820090969559,960
540,False,1.0,18,0,0.0,0,0,0,0,0.0,0.0,0,0,50,1,0,10.62911526300013,960
540,False,1.0,18,0,0.0,0,0,0,0,0.0,0.0,0,0,50,1,0,10.645011341955978,960
540,False,1.0,18,0,0.0,0,0,0,0,0.0,0.0,0,0,50,1,0,10.661680242978036,960
540,False,1.0,18,0,0.0,0,0,0,0,0.0,0.0,0,0,50,1,0,10.679102447000332,960
540,False,1.0,18,0,0.0,0,0,0,0,0.0,0.0,0,0,50,1,0,10.696426093985792,960
540,False,1.0,18,0,0.0,0,0,0,0,0.0,0.0,0,0,50,1,0,10.71299176797038,960
540,False,1.0,18,0,0.0,0,0,0,0,0.0,0.0,0,0,50,1,0,10.728993205993902,960
540,False,1.0,18,0,0.0,0,0,0,0,0.0,0.0,0,0,50,1,0,10.746068242995534,960
540,False,1.0,18,0,0.0,0,0,0,0,0.0,0.0,0,0,50,1,0,10.764791922993027,960
540,False,1.0,18,0,0.0,0,0,0,0,0.0,0.0,0,0,50,1,0,10.781988745962735,960
540,False,1.0,18,0,0.0,0,0,0,0,0.0,0.0,0,0,50,1,0,10.799388079962227,960
540,False,1.0,18,0,0.0,0,0,0,0,0.0,0.0,0,0,50,1,0,10.816085624974221,960
540,False,1.0,18,0,0.0,0,0,0,0,0.0,0.0,0,0,50,1,0,10.832903890986927,960
540,False,1.0,18,0,0.0,0,0,0,0,0.0,0.0,0,0,50,1,0,10.849783288955223,960
540,False,1.0,18,0,0.0,0,0,0,0,0.0,0.0,0,0,50,1,0,10.866539248963818,960
540,False,1.0,18,0,0.0,0,0,0,0,0.0,0.0,0,0,50,1,0,10.883930625976063,960
540,False,1.0,18,0,0.0,0,0,0,0,0.0,0.0,0,0,50,1,0,10.90014447295107,960
540,False,1.0,18,0,0.0,0,0,0,0,0.0,0.0,0,0,50,1,0,10.917226025951095,960
540,False,1.0,18,0,0.0,0,0,0,0,0.0,0.0,0,0,50,1,0,10.93337237200467,960
540,False,1.0,18,0,0.0,0,0,0,0,0.0,0.0,0,0,50,1,0,10.949820894980803,960
540,False,1.0,18,0,0.0,0,0,0,0,0.0,0.0,0,0,50,1,0,10.966704839956947,960
540,False,1.0,18,0,0.0,0,0,0,0,0.0,0.0,0,0,50,1,0,10.984023446973879,960
540,False,1.0,18,0,0.0,0,0,0,0,0.0,0.0,0,0,50,1,0,11.001443693996407,960
540,False,1.0,18,0,0.0,0,0,0,0,0.0,0.0,0,0,50,1,0,11.01840161497239,960
540,False,1.0,18,0,0.0,0,0,0,0,0.0,0.0,0,0,50,1,0,11.03531225695042,960
540,False,1.0,18,0,0.0,0,0,0,0,0.0,0.0,0,0,50,1,0,11.052384307957254,960
540,False,1.0,18,0,0.0,0,0,0,0,0.0,0.0,0,0,50,1,0,11.068303834996186,960
540,False,1.0,18,0,0.0,0,0,0,0,0.0,0.0,0,0,50,1,0,11.084178094984964,960
540,False,1.0,18,0,0.0,0,0,0,0,0.0,0.0,0,0,50,1,0,11.103671901975758,960
540,False,1.0,18,0,0.0,0,0,0,0,0.0,0.0,0,0,50,1,0,11.12068517296575,960
540,False,1.0,18,0,0.0,0,0,0,0,0.0,0.0,0,0,50,1,0,11.139493972994387,960
540,False,1.0,18,0,0.0,0,0,0,0,0.0,0.0,0,0,50,1,0,11.156336814980023,960
540,False,1.0,18,0,0.0,0,0,0,0,0.0,0.0,0,0,50,1,0,11.1753715959494,960
540,False,1.0,18,0,0.0,0,0,0,0,0.0,0.0,0,0,50,1,0,11.194085953989998,960
540,False,1.0,18,0,0.0,0,0,0,0,0.0,0.0,0,0,50,1,0,11.213004959980026,960
540,False,1.0,18,0,0.0,0,0,0,0,0.0,0.0,0,0,50,1,0,11.230420279956888,960
540,False,1.0,18,0,0.0,0,0,0,0,0.0,0.0,0,0,50,1,0,11.251001967000775,960
540,False,1.0,18,0,0.0,0,0,0,0,0.0,0.0,0,0,50,1,0,11.269525780982804,960
540,False,1.0,18,0,0.0,0,0,0,0,0.0,0.0,0,0,50,1,0,11.287869881954975,960
540,False,1.0,18,0,0.0,0,0,0,0,0.0,0.0,0,0,50,1,0,11.305288754985668,960
540,False,1.0,18,0,0.0,0,0,0,0,0.0,0.0,0,0,50,1,0,11.323722008964978,960
540,False,1.0,18,0,0.0,0,0,0,0,0.0,0.0,0,0,50,1,0,11.340885820973199,960
540,False,1.0,18,0,0.0,0,0,0,0,0.0,0.0,0,0,50,1,0,11.357826845953241,960
540,False,1.0,18,0,0.0,0,0,0,0,0.0,0.0,0,0,50,1,0,11.37478483398445,960
540,False,1.0,18,0,0.0,0,0,0,0,0.0,0.0,0,0,50,1,0,11.391769268957432,960
540,False,1.0,18,0,0.0,0,0,0,0,0.0,0.0,0,0,50,1,0,11.408536973991431,960
540,False,1.0,18,0,0.0,0,0,0,0,0.0,0.0,0,0,50,1,0,11.426040684978943,960
540,False,1.0,18,0,0.0,0,0,0,0,0.0,0.0,0,0,50,1,0,11.442427999980282,960
540,False,1.0,18,0,0.0,0,0,0,0,0.0,0.0,0,0,50,1,0,11.461496271949727,960
540,False,1.0,18,0,0.0,0,0,0,0,0.0,0.0,0,0,50,1,0,11.47783744597109,960
540,False,1.0,18,0,0.0,0,0,0,0,0.0,0.0,0,0,50,1,0,11.495537741982844,960
540,False,1.0,18,0,0.0,0,0,0,0,0.0,0.0,0,0,50,1,0,11.512306280958,960
540,False,1.0,18,0,0.0,0,0,0,0,0.0,0.0,0,0,50,1,0,11.530211250006687,960
540,False,1.0,18,0,0.0,0,0,0,0,0.0,0.0,0,0,50,1,0,11.546940111962613,960
540,False,1.0,18,0,0.0,0,0,0,0,0.0,0.0,0,0,50,1,0,11.563781320990529,960
540,False,1.0,18,0,0.0,0,0,0,0,0.0,0.0,0,0,50,1,0,11.580345375987235,960
540,False,1.0,18,0,0.0,0,0,0,0,0.0,0.0,0,0,50,1,0,11.597663004999049,960
540,False,1.0,18,0,0.0,0,0,0,0,0.0,0.0,0,0,50,1,0,11.614432071975898,960
540,False,1.0,18,0,0.0,0,0,0,0,0.0,0.0,0,0,50,1,0,11.631826778990217,960
540,False,1.0,18,0,0.0,0,0,0,0,0.0,0.0,0,0,50,1,0,11.64885791396955,960
540,False,1.0,18,0,0.0,0,0,0,0,0.0,0.0,0,0,50,1,0,11.665994863957167,960
540,False,1.0,18,0,0.0,0,0,0,0,0.0,0.0,0,0,50,1,0,11.683758430997841,960
540,False,1.0,18,0,0.0,0,0,0,0,0.0,0.0,0,0,50,1,0,11.700254945957568,960
540,False,1.0,18,0,0.0,0,0,0,0,0.0,0.0,0,0,50,1,0,11.718764049990568,960
540,False,1.0,18,0,0.0,0,0,0,0,0.0,0.0,0,0,50,1,0,11.735989451000933,960
540,False,1.0,18,0,0.0,0,0,0,0,0.0,0.0,0,0,50,1,0,11.75361262896331,960
540,False,1.0,18,0,0.0,0,0,0,0,0.0,0.0,0,0,50,1,0,11.770538885961287,960
540,False,1.0,18,0,0.0,0,0,0,0,0.0,0.0,0,0,50,1,0,11.78720133396564,960
540,False,1.0,18,0,0.0,0,0,0,0,0.0,0.0,0,0,50,1,0,11.803712152002845,960
540,False,1.0,18,0,0.0,0,0,0,0,0.0,0.0,0,0,50,1,0,11.820245515962597,960
540,False,1.0,18,0,0.0,0,0,0,0,0.0,0.0,0,0,50,1,0,11.837666482955683,960
540,False,1.0,18,0,0.0,0,0,0,0,0.0,0.0,0,0,50,1,0,11.855319217953365,960
540,False,1.0,18,0,0.0,0,0,0,0,0.0,0.0,0,0,50,1,0,11.873480382957496,960
540,False,1.0,18,0,0.0,0,0,0,0,0.0,0.0,0,0,50,1,0,11.891838302952237,960
540,False,1.0,18,0,0.0,0,0,0,0,0.0,0.0,0,0,50,1,0,11.909998241986614,960
540,False,1.0,18,0,0.0,0,0,0,0,0.0,0.0,0,0,50,1,0,11.926398515002802,960
540,False,1.0,18,0,0.0,0,0,0,0,0.0,0.0,0,0,50,1,0,11.943734581989702,960
540,False,1.0,18,0,0.0,0,0,0,0,0.0,0.0,0,0,50,1,0,11.960273651988246,960
540,False,1.0,18,0,0.0,0,0,0,0,0.0,0.0,0,0,50,1,0,11.977005420951173,960
540,False,1.0,18,0,0.0,0,0,0,0,0.0,0.0,0,0,50,1,0,11.99611912999535,960
540,False,1.0,18,0,0.0,0,0,0,0,0.0,0.0,0,0,50,1,0,12.013288528949488,960
540,False,1.0,18,0,0.0,0,0,0,0,0.0,0.0,0,0,50,1,0,12.03177127696108,960
540,False,1.0,19,0,0.0,0,0,0,0,0.0,0.0,0,0,50,1,0,12.04816667700652,960
540,False,1.0,19,0,0.0,0,0,0,0,0.0,0.0,0,0,50,1,0,12.067398713959847,960
540,False,1.0,19,0,0.0,0,0,0,0,0.0,0.0,0,0,50,1,0,12.083263192966115,960
540,False,1.0,19,0,0.0,0,0,0,0,0.0,0.0,0,0,50,1,0,12.102991128980648,960
540,False,1.0,19,0,0.0,0,0,0,0,0.0,0.0,0,0,50,1,0,12.119984757970087,960
540,False,1.0,19,0,0.0,0,0,0,0,0.0,0.0,0,0,50,1,0,12.138233774981927,960
540,False,1.0,19,0,0.0,0,0,0,0,0.0,0.0,0,0,50,1,0,12.155475182982627,960
540,False,1.0,19,0,0.0,0,0,0,0,0.0,0.0,0,0,50,1,0,12.17333325598156,960
540,False,1.0,19,0,0.0,0,0,0,0,0.0,0.0,0,0,50,1,0,12.190688799950294,960
540,False,1.0,19,0,0.0,0,0,0,0,0.0,0.0,0,0,50,1,0,12.208965055004228,960
540,False,1.0,19,0,0.0,0,0,0,0,0.0,0.0,0,0,50,1,0,12.226454311981797,960
540,False,1.0,19,0,0.0,0,0,0,0,0.0,0.0,0,0,50,1,0,12.243820640956983,960
540,False,1.0,19,0,0.0,0,0,0,0,0.0,0.0,0,0,50,1,0,12.260564991971478,960
540,False,1.0,19,0,0.0,0,0,0,0,0.0,0.0,0,0,50,1,0,12.278780595981516,960
540,False,1.0,19,0,0.0,0,0,0,0,0.0,0.0,0,0,50,1,0,12.29524649999803,960
540,False,1.0,19,0,0.0,0,0,0,0,0.0,0.0,0,0,50,1,0,12.314683097996749,960
540,False,1.0,19,0,0.0,0,0,0,0,0.0,0.0,0,0,50,1,0,12.331327884981874,960
540,False,1.0,19,0,0.0,0,0,0,0,0.0,0.0,0,0,50,1,0,12.350262525957078,960
540,False,1.0,19,0,0.0,0,0,0,0,0.0,0.0,0,0,50,1,0,12.367815786972642,960
540,False,1.0,19,0,0.0,0,0,0,0,0.0,0.0,0,0,50,1,0,12.385772630979773,960
540,False,1.0,19,0,0.0,0,0,0,0,0.0,0.0,0,0,50,1,0,12.402635617996566,960
540,False,1.0,19,0,0.0,0,0,0,0,0.0,0.0,0,0,50,1,0,12.420747989963274,960
540,False,1.0,19,0,0.0,0,0,0,0,0.0,0.0,0,0,50,1,0,12.437871720001567,960
540,False,1.0,19,0,0.0,0,0,0,0,0.0,0.0,0,0,50,1,0,12.455474442976993,960
540,False,1.0,19,0,0.0,0,0,0,0,0.0,0.0,0,0,50,1,0,12.47293703397736,960
540,False,1.0,19,0,0.0,0,0,0,0,0.0,0.0,0,0,50,1,0,12.490298273973167,960
540,False,1.0,19,0,0.0,0,0,0,0,0.0,0.0,0,0,50,1,0,12.507590391964186,960
540,False,1.0,19,0,0.0,0,0,0,0,0.0,0.0,0,0,50,1,0,12.526689794962294,960
540,False,1.0,19,0,0.0,0,0,0,0,0.0,0.0,0,0,50,1,0,12.543821051949635,960
540,False,1.0,19,0,0.0,0,0,0,0,0.0,0.0,0,0,50,1,0,12.561857450986281,960
540,False,1.0,19,0,0.0,0,0,0,0,0.0,0.0,0,0,50,1,0,12.578887153998949,960
540,False,1.0,19,0,0.0,0,0,0,0,0.0,0.0,0,0,50,1,0,12.596732849953696,960
540,False,1.0,19,0,0.0,0,0,0,0,0.0,0.0,0,0,50,1,0,12.613957786001265,960
540,False,1.0,19,0,0.0,0,0,0,0,0.0,0.0,0,0,50,1,0,12.632921948970761,960
540,False,1.0,19,0,0.0,0,0,0,0,0.0,0.0,0,0,50,1,0,12.649772615986876,960
540,False,1.0,19,0,0.0,0,0,0,0,0.0,0.0,0,0,50,1,0,12.668404220952652,960
540,False,1.0,19,0,0.0,0,0,0,0,0.0,0.0,0,0,50,1,0,12.686333948979154,960
540,False,1.0,19,0,0.0,0,0,0,0,0.0,0.0,0,0,50,1,0,12.703768976964056,960
540,False,1.0,19,0,0.0,0,0,0,0,0.0,0.0,0,0,50,1,0,12.721099390997551,960
540,False,1.0,19,0,0.0,0,0,0,0,0.0,0.0,0,0,50,1,0,12.740207850991283,960
540,False,1.0,19,0,0.0,0,0,0,0,0.0,0.0,0,0,50,1,0,12.756748443993274,960
540,False,1.0,19,0,0.0,0,0,0,0,0.0,0.0,0,0,50,1,0,12.775963267951738,960
540,False,1.0,19,0,0.0,0,0,0,0,0.0,0.0,0,0,50,1,0,12.79202226997586,960
540,False,1.0,19,0,0.0,0,0,0,0,0.0,0.0,0,0,50,1,0,12.808926725992933,960
540,False,1.0,19,0,0.0,0,0,0,0,0.0,0.0,0,0,50,1,0,12.825076535984408,960
540,False,1.0,19,0,0.0,0,0,0,0,0.0,0.0,0,0,50,1,0,12.842394463950768,960
540,False,1.0,19,0,0.0,0,0,0,0,0.0,0.0,0,0,50,1,0,12.863565658975858,960
540,False,1.0,19,0,0.0,0,0,0,0,0.0,0.0,0,0,50,1,0,12.88057752995519,960
540,False,1.0,19,0,0.0,0,0,0,0,0.0,0.0,0,0,50,1,0,12.898744171950966,960
540,False,1.0,19,0,0.0,0,0,0,0,0.0,0.0,0,0,50,1,0,12.915674223972019,960
540,False,1.0,19,0,0.0,0,0,0,0,0.0,0.0,0,0,50,1,0,12.933520435006358,960
540,False,1.0,19,0,0.0,0,0,0,0,0.0,0.0,0,0,50,1,0,12.950615745969117,960
540,False,1.0,19,0,0.0,0,0,0,0,0.0,0.0,0,0,50,1,0,12.968184528988786,960
540,False,1.0,19,0,0.0,0,0,0,0,0.0,0.0,0,0,50,1,0,12.985655148979276,960
540,False,1.0,19,0,0.0,0,0,0,0,0.0,0.0,0,0,50,1,0,13.004479588998947,960
540,False,1.0,19,0,0.0,0,0,0,0,0.0,0.0,0,0,50,1,0,13.0219431349542,960
540,False,1.0,19,0,0.0,0,0,0,0,0.0,0.0,0,0,50,1,0,13.04105542995967,960
540,False,1.0,19,0,0.0,0,0,0,0,0.0,0.0,0,0,50,1,0,13.058373420964926,960
540,False,1.0,19,0,0.0,0,0,0,0,0.0,0.0,0,0,50,1,0,13.075836128962692,960
540,False,1.0,19,0,0.0,0,0,0,0,0.0,0.0,0,0,50,1,0,13.092899471987039,960
540,False,1.0,19,0,0.0,0,0,0,0,0.0,0.0,0,0,50,1,0,13.112409394001588,960
540,False,1.0,19,0,0.0,0,0,0,0,0.0,0.0,0,0,50,1,0,13.128080919967033,960
540,False,1.0,19,0,0.0,0,0,0,0,0.0,0.0,0,0,50,1,0,13.144779200956691,960
540,False,1.0,19,0,0.0,0,0,0,0,0.0,0.0,0,0,50,1,0,13.161226306983735,960
540,False,1.0,19,0,0.0,0,0,0,0,0.0,0.0,0,0,50,1,0,13.177947266958654,960
540,False,1.0,19,0,0.0,0,0,0,0,0.0,0.0,0,0,50,1,0,13.194233806978446,960
540,False,1.0,19,0,0.0,0,0,0,0,0.0,0.0,0,0,50,1,0,13.21000937896315,960
540,False,1.0,19,0,0.0,0,0,0,0,0.0,0.0,0,0,50,1,0,13.226486784988083,960
540,False,1.0,19,0,0.0,0,0,0,0,0.0,0.0,0,0,50,1,0,13.242851232003886,960
540,False,1.0,19,0,0.0,0,0,0,0,0.0,0.0,0,0,50,1,0,13.259060568991117,960
540,False,1.0,19,0,0.0,0,0,0,0,0.0,0.0,0,0,50,1,0,13.276062897988595,960
540,False,1.0,19,0,0.0,0,0,0,0,0.0,0.0,0,0,50,1,0,13.292618226958439,960
540,False,1.0,19,0,0.0,0,0,0,0,0.0,0.0,0,0,50,1,0,13.309651493967976,960
540,False,1.0,19,0,0.0,0,0,0,0,0.0,0.0,0,0,50,1,0,13.326292368990835,960
540,False,1.0,19,0,0.0,0,0,0,0,0.0,0.0,0,0,50,1,0,13.342923941963818,960
540,False,1.0,19,0,0.0,0,0,0,0,0.0,0.0,0,0,50,1,0,13.359851982968394,960
540,False,1.0,19,0,0.0,0,0,0,0,0.0,0.0,0,0,50,1,0,13.376900777977426,960
540,False,1.0,19,0,0.0,0,0,0,0,0.0,0.0,0,0,50,1,0,13.393055816006381,960
540,False,1.0,19,0,0.0,0,0,0,0,0.0,0.0,0,0,50,1,0,13.409904539003037,960
540,False,1.0,19,0,0.0,0,0,0,0,0.0,0.0,0,0,50,1,0,13.427971464989241,960
540,False,1.0,19,0,0.0,0,0,0,0,0.0,0.0,0,0,50,1,0,13.444956527964678,960
540,False,1.0,19,0,0.0,0,0,0,0,0.0,0.0,0,0,50,1,0,13.464566398994066,960
540,False,1.0,19,0,0.0,0,0,0,0,0.0,0.0,0,0,50,1,0,13.481506774958689,960
540,False,1.0,19,0,0.0,0,0,0,0,0.0,0.0,0,0,50,1,0,13.500137223978527,960
540,False,1.0,19,0,0.0,0,0,0,0,0.0,0.0,0,0,50,1,0,13.516493383969646,960
540,False,1.0,19,0,0.0,0,0,0,0,0.0,0.0,0,0,50,1,0,13.534577675978653,960
540,False,1.0,19,0,0.0,0,0,0,0,0.0,0.0,0,0,50,1,0,13.551392147957813,960
540,False,1.0,19,0,0.0,0,0,0,0,0.0,0.0,0,0,50,1,0,13.568385811988264,960
540,False,1.0,19,0,0.0,0,0,0,0,0.0,0.0,0,0,50,1,0,13.585399233968928,960
540,False,1.0,19,0,0.0,0,0,0,0,0.0,0.0,0,0,50,1,0,13.603421885985881,960
540,False,1.0,19,0,0.0,0,0,0,0,0.0,0.0,0,0,50,1,0,13.62058884795988,960
540,False,1.0,19,0,0.0,0,0,0,0,0.0,0.0,0,0,50,1,0,13.63805697800126,960
540,False,1.0,19,0,0.0,0,0,0,0,0.0,0.0,0,0,50,1,0,13.654912370955572,960
540,False,1.0,19,0,0.0,0,0,0,0,0.0,0.0,0,0,50,1,0,13.672594741976354,960
540,False,1.0,19,0,0.0,0,0,0,0,0.0,0.0,0,0,50,1,0,13.689230227959342,960
540,False,1.0,19,0,0.0,0,0,0,0,0.0,0.0,0,0,50,1,0,13.70583363599144,960
540,False,1.0,19,0,0.0,0,0,0,0,0.0,0.0,0,0,50,1,0,13.722749546985142,960
540,False,1.0,19,0,0.0,0,0,0,0,0.0,0.0,0,0,50,1,0,13.739436682953965,960
540,False,1.0,19,0,0.0,0,0,0,0,0.0,0.0,0,0,50,1,0,13.756197858951055,960
540,False,1.0,19,0,0.0,0,0,0,0,0.0,0.0,0,0,50,1,0,13.773644219967537,960
540,False,1.0,19,0,0.0,0,0,0,0,0.0,0.0,0,0,50,1,0,13.790437211981043,960
540,False,1.0,19,0,0.0,0,0,0,0,0.0,0.0,0,0,50,1,0,13.807029660965782,960
540,False,1.0,19,0,0.0,0,0,0,0,0.0,0.0,0,0,50,1,0,13.823852759960573,960
540,False,1.0,19,0,0.0,0,0,0,0,0.0,0.0,0,0,50,1,0,13.84318219096167,960
540,False,1.0,19,0,0.0,0,0,0,0,0.0,0.0,0,0,50,1,0,13.860758013965096,960
540,False,1.0,19,0,0.0,0,0,0,0,0.0,0.0,0,0,50,1,0,13.87870041897986,960
540,False,1.0,19,0,0.0,0,0,0,0,0.0,0.0,0,0,50,1,0,13.895078939967789,960
540,False,1.0,19,0,0.0,0,0,0,0,0.0,0.0,0,0,50,1,0,13.912931743951049,960
540,False,1.0,19,0,0.0,0,0,0,0,0.0,0.0,0,0,50,1,0,13.929683344962541,960
540,False,1.0,19,0,0.0,0,0,0,0,0.0,0.0,0,0,50,1,0,13.951253674982581,960
540,False,1.0,19,0,0.0,0,0,0,0,0.0,0.0,0,0,50,1,0,13.967751486983616,960
540,False,1.0,19,0,0.0,0,0,0,0,0.0,0.0,0,0,50,1,0,13.989325231988914,960
540,False,1.0,19,0,0.0,0,0,0,0,0.0,0.0,0,0,50,1,0,14.006270408979617,960
540,False,1.0,19,0,0.0,0,0,0,0,0.0,0.0,0,0,50,1,0,14.026627266954165,960
540,False,1.0,19,0,0.0,0,0,0,0,0.0,0.0,0,0,50,1,0,14.043598053976893,960
540,False,1.0,19,0,0.0,0,0,0,0,0.0,0.0,0,0,50,1,0,14.062003176950384,960
540,False,1.0,19,0,0.0,0,0,0,0,0.0,0.0,0,0,50,1,0,14.078868323995266,960
540,False,1.0,19,0,0.0,0,0,0,0,0.0,0.0,0,0,50,1,0,14.098057271970902,960
540,False,1.0,19,0,0.0,0,0,0,0,0.0,0.0,0,0,50,1,0,14.115282476996072,960
540,False,1.0,19,0,0.0,0,0,0,0,0.0,0.0,0,0,50,1,0,14.13460731797386,960
540,False,1.0,19,0,0.0,0,0,0,0,0.0,0.0,0,0,50,1,0,14.151859400968533,960
540,False,1.0,19,0,0.0,0,0,0,0,0.0,0.0,0,0,50,1,0,14.169393114978448,960
540,False,1.0,19,0,0.0,0,0,0,0,0.0,0.0,0,0,50,1,0,14.185825435968582,960
540,False,1.0,19,0,0.0,0,0,0,0,0.0,0.0,0,0,50,1,0,14.206270836002659,960
540,False,1.0,19,0,0.0,0,0,0,0,0.0,0.0,0,0,50,1,0,14.223402247997,960
540,False,1.0,19,0,0.0,0,0,0,0,0.0,0.0,0,0,50,1,0,14.24277005798649,960
540,False,1.0,19,0,0.0,0,0,0,0,0.0,0.0,0,0,50,1,0,14.25951158098178,960
540,False,1.0,19,0,0.0,0,0,0,0,0.0,0.0,0,0,50,1,0,14.279405772977043,960
540,False,1.0,19,0,0.0,0,0,0,0,0.0,0.0,0,0,50,1,0,14.29668121697614,960
540,False,1.0,19,0,0.0,0,0,0,0,0.0,0.0,0,0,50,1,0,14.31634524295805,960
540,False,1.0,19,0,0.0,0,0,0,0,0.0,0.0,0,0,50,1,0,14.33353470597649,960
540,False,1.0,19,0,0.0,0,0,0,0,0.0,0.0,0,0,50,1,0,14.35265062696999,960
540,False,1.0,19,0,0.0,0,0,0,0,0.0,0.0,0,0,50,1,0,14.36958917794982,960
540,False,1.0,19,0,0.0,0,0,0,0,0.0,0.0,0,0,50,1,0,14.38911636697594,960
540,False,1.0,19,0,0.0,0,0,0,0,0.0,0.0,0,0,50,1,0,14.405946725979447,960
540,False,1.0,19,0,0.0,0,0,0,0,0.0,0.0,0,0,50,1,0,14.425561503972858,960
540,False,1.0,19,0,0.0,0,0,0,0,0.0,0.0,0,0,50,1,0,14.442506941966712,960
540,False,1.0,19,0,0.0,0,0,0,0,0.0,0.0,0,0,50,1,0,14.461866656958591,960
540,False,1.0,19,0,0.0,0,0,0,0,0.0,0.0,0,0,50,1,0,14.47872815898154,960
540,False,1.0,19,0,0.0,0,0,0,0,0.0,0.0,0,0,50,1,0,14.498182880983222,960
540,False,1.0,19,0,0.0,0,0,0,0,0.0,0.0,0,0,50,1,0,14.515391774999443,960
540,False,1.0,19,0,0.0,0,0,0,0,0.0,0.0,0,0,50,1,0,14.535000200965442,960
540,False,1.0,19,0,0.0,0,0,0,0,0.0,0.0,0,0,50,1,0,14.551397650968283,960
540,False,1.0,19,0,0.0,0,0,0,0,0.0,0.0,0,0,50,1,0,14.570660689962097,960
540,False,1.0,19,0,0.0,0,0,0,0,0.0,0.0,0,0,50,1,0,14.587807667965535,960
540,False,1.0,19,0,0.0,0,0,0,0,0.0,0.0,0,0,50,1,0,14.60641696897801,960
540,False,1.0,19,0,0.0,0,0,0,0,0.0,0.0,0,0,50,1,0,14.623017486999743,960
540,False,1.0,19,0,0.0,0,0,0,0,0.0,0.0,0,0,50,1,0,14.642508982971776,960
540,False,1.0,19,0,0.0,0,0,0,0,0.0,0.0,0,0,50,1,0,14.659739122958854,960
540,False,1.0,19,0,0.0,0,0,0,0,0.0,0.0,0,0,50,1,0,14.679190277995076,960
540,False,1.0,19,0,0.0,0,0,0,0,0.0,0.0,0,0,50,1,0,14.696520041965414,960
540,False,1.0,19,0,0.0,0,0,0,0,0.0,0.0,0,0,50,1,0,14.715904593991581,960
540,False,1.0,19,0,0.0,0,0,0,0,0.0,0.0,0,0,50,1,0,14.732109827979002,960
540,False,1.0,19,0,0.0,0,0,0,0,0.0,0.0,0,0,50,1,0,14.751441194966901,960
540,False,1.0,19,0,0.0,0,0,0,0,0.0,0.0,0,0,50,1,0,14.76885571796447,960
540,False,1.0,19,0,0.0,0,0,0,0,0.0,0.0,0,0,50,1,0,14.78741958097089,960
540,False,1.0,19,0,0.0,0,0,0,0,0.0,0.0,0,0,50,1,0,14.804771662980784,960
540,False,1.0,19,0,0.0,0,0,0,0,0.0,0.0,0,0,50,1,0,14.823290132975671,960
540,False,1.0,19,0,0.0,0,0,0,0,0.0,0.0,0,0,50,1,0,14.840672219987027,960
540,False,1.0,19,0,0.0,0,0,0,0,0.0,0.0,0,0,50,1,0,14.860127070976887,960
540,False,1.0,19,0,0.0,0,0,0,0,0.0,0.0,0,0,50,1,0,14.876551027991809,960
540,False,1.0,19,0,0.0,0,0,0,0,0.0,0.0,0,0,50,1,0,14.895361008995678,960
540,False,1.0,19,0,0.0,0,0,0,0,0.0,0.0,0,0,50,1,0,14.912037736969069,960
540,False,1.0,19,0,0.0,0,0,0,0,0.0,0.0,0,0,50,1,0,14.931982038950082,960
540,False,1.0,19,0,0.0,0,0,0,0,0.0,0.0,0,0,50,1,0,14.948894317960367,960
540,False,1.0,19,0,0.0,0,0,0,0,0.0,0.0,0,0,50,1,0,14.968502336996607,960
540,False,1.0,19,0,0.0,0,0,0,0,0.0,0.0,0,0,50,1,0,14.984149274998344,960
540,False,1.0,19,0,0.0,0,0,0,0,0.0,0.0,0,0,50,1,0,15.001072615967132,960
540,False,1.0,19,0,0.0,0,0,0,0,0.0,0.0,0,0,50,1,0,15.017523444956169,960
540,False,1.0,19,0,0.0,0,0,0,0,0.0,0.0,0,0,50,1,0,15.034490406978875,960
540,False,1.0,20,0,0.0,0,0,0,0,0.0,0.0,0,0,50,1,0,15.051309150003362,960
540,False,1.0,20,0,0.0,0,0,0,0,0.0,0.0,0,0,50,1,0,15.068228713003919,960
540,False,1.0,20,0,0.0,0,0,0,0,0.0,0.0,0,0,50,1,0,15.085082893958315,960
540,False,1.0,20,0,0.0,0,0,0,0,0.0,0.0,0,0,50,1,0,15.101969367999118,960
540,False,1.0,20,0,0.0,0,0,0,0,0.0,0.0,0,0,50,1,0,15.118906793999486,960
540,False,1.0,20,0,0.0,0,0,0,0,0.0,0.0,0,0,50,1,0,15.135852253995836,960
540,False,1.0,20,0,0.0,0,0,0,0,0.0,0.0,0,0,50,1,0,15.151927170983981,960
540,False,1.0,20,0,0.0,0,0,0,0,0.0,0.0,0,0,50,1,0,15.168771769967861,960
540,False,1.0,20,0,0.0,0,0,0,0,0.0,0.0,0,0,50,1,0,15.187390534963924,960
540,False,1.0,20,0,0.0,0,0,0,0,0.0,0.0,0,0,50,1,0,15.204298388969619,960
540,False,1.0,20,0,0.0,0,0,0,0,0.0,0.0,0,0,50,1,0,15.22305274097016,960
540,False,1.0,20,0,0.0,0,0,0,0,0.0,0.0,0,0,50,1,0,15.239984556974377,960
540,False,1.0,20,0,0.0,0,0,0,0,0.0,0.0,0,0,50,1,0,15.259709024976473,960
540,False,1.0,20,0,0.0,0,0,0,0,0.0,0.0,0,0,50,1,0,15.27660746598849,960
540,False,1.0,20,0,0.0,0,0,0,0,0.0,0.0,0,0,50,1,0,15.29523288999917,960
540,False,1.0,20,0,0.0,0,0,0,0,0.0,0.0,0,0,50,1,0,15.312078169954475,960
540,False,1.0,20,0,0.0,0,0,0,0,0.0,0.0,0,0,50,1,0,15.331613230984658,960
540,False,1.0,20,0,0.0,0,0,0,0,0.0,0.0,0,0,50,1,0,15.348557716992218,960
540,False,1.0,20,0,0.0,0,0,0,0,0.0,0.0,0,0,50,1,0,15.368089950003196,960
540,False,1.0,20,0,0.0,0,0,0,0,0.0,0.0,0,0,50,1,0,15.38542259996757,960
540,False,1.0,20,0,0.0,0,0,0,0,0.0,0.0,0,0,50,1,0,15.405088366998825,960
540,False,1.0,20,0,0.0,0,0,0,0,0.0,0.0,0,0,50,1,0,15.422497509978712,960
540,False,1.0,20,0,0.0,0,0,0,0,0.0,0.0,0,0,50,1,0,15.44119227095507,960
540,False,1.0,20,0,0.0,0,0,0,0,0.0,0.0,0,0,50,1,0,15.457716584962327,960
540,False,1.0,20,0,0.0,0,0,0,0,0.0,0.0,0,0,50,1,0,15.477434343949426,960
540,False,1.0,20,0,0.0,0,0,0,0,0.0,0.0,0,0,50,1,0,15.49475828697905,960
540,False,1.0,20,0,0.0,0,0,0,0,0.0,0.0,0,0,50,1,0,15.513394799956586,960
540,False,1.0,20,0,0.0,0,0,0,0,0.0,0.0,0,0,50,1,0,15.530005557986442,960
540,False,1.0,20,0,0.0,0,0,0,0,0.0,0.0,0,0,50,1,0,15.549658997973893,960
540,False,1.0,20,0,0.0,0,0,0,0,0.0,0.0,0,0,50,1,0,15.567234243964776,960
540,False,1.0,20,0,0.0,0,0,0,0,0.0,0.0,0,0,50,1,0,15.585442865965888,960
540,False,1.0,20,0,0.0,0,0,0,0,0.0,0.0,0,0,50,1,0,15.60191039199708,960
540,False,1.0,20,0,0.0,0,0,0,0,0.0,0.0,0,0,50,1,0,15.620200519973878,960
540,False,1.0,20,0,0.0,0,0,0,0,0.0,0.0,0,0,50,1,0,15.63678786100354,960
540,False,1.0,20,0,0.0,0,0,0,0,0.0,0.0,0,0,50,1,0,15.65491124696564,960
540,False,1.0,20,0,0.0,0,0,0,0,0.0,0.0,0,0,50,1,0,15.671940783970058,960
540,False,1.0,20,0,0.0,0,0,0,0,0.0,0.0,0,0,50,1,0,15.689972777967341,960
540,False,1.0,20,0,0.0,0,0,0,0,0.0,0.0,0,0,50,1,0,15.706942796998192,960
540,False,1.0,20,0,0.0,0,0,0,0,0.0,0.0,0,0,50,1,0,15.727033262955956,960
540,False,1.0,20,0,0.0,0,0,0,0,0.0,0.0,0,0,50,1,0,15.744424277974758,960
540,False,1.0,20,0,0.0,0,0,0,0,0.0,0.0,0,0,50,1,0,15.764466921973508,960
540,False,1.0,20,0,0.0,0,0,0,0,0.0,0.0,0,0,50,1,0,15.781500170996878,960
540,False,1.0,20,0,0.0,0,0,0,0,0.0,0.0,0,0,50,1,0,15.801390505977906,960
540,False,1.0,20,0,0.0,0,0,0,0,0.0,0.0,0,0,50,1,0,15.817958797968458,960
540,False,1.0,20,0,0.0,0,0,0,0,0.0,0.0,0,0,50,1,0,15.838150411960669,960
540,False,1.0,20,0,0.0,0,0,0,0,0.0,0.0,0,0,50,1,0,15.854195856954902,960
540,False,1.0,20,0,0.0,0,0,0,0,0.0,0.0,0,0,50,1,0,15.872181930986699,960
540,False,1.0,20,0,0.0,0,0,0,0,0.0,0.0,0,0,50,1,0,15.888769634999335,960
540,False,1.0,20,0,0.0,0,0,0,0,0.0,0.0,0,0,50,1,0,15.906399220984895,960
540,False,1.0,20,0,0.0,0,0,0,0,0.0,0.0,0,0,50,1,0,15.923049922974315,960
540,False,1.0,20,0,0.0,0,0,0,0,0.0,0.0,0,0,50,1,0,15.941808262956329,960
540,False,1.0,20,0,0.0,0,0,0,0,0.0,0.0,0,0,50,1,0,15.958732560975477,960
540,False,1.0,20,0,0.0,0,0,0,0,0.0,0.0,0,0,50,1,0,15.977611652982887,960
540,False,1.0,20,0,0.0,0,0,0,0,0.0,0.0,0,0,50,1,0,15.994954144000076,960
540,False,1.0,20,0,0.0,0,0,0,0,0.0,0.0,0,0,50,1,0,16.013810788979754,960
540,False,1.0,20,0,0.0,0,0,0,0,0.0,0.0,0,0,50,1,0,16.03118505497696,960
540,False,1.0,20,0,0.0,0,0,0,0,0.0,0.0,0,0,50,1,0,16.05083364096936,960
540,False,1.0,20,0,0.0,0,0,0,0,0.0,0.0,0,0,50,1,0,16.0674621789949,960
540,False,1.0,20,0,0.0,0,0,0,0,0.0,0.0,0,0,50,1,0,16.086981371976435,960
540,False,1.0,20,0,0.0,0,0,0,0,0.0,0.0,0,0,50,1,0,16.104117284994572,960
540,False,1.0,20,0,0.0,0,0,0,0,0.0,0.0,0,0,50,1,0,16.122767273976933,960
540,False,1.0,20,0,0.0,0,0,0,0,0.0,0.0,0,0,50,1,0,16.139500023971777,960
540,False,1.0,20,0,0.0,0,0,0,0,0.0,0.0,0,0,50,1,0,16.159630159963854,960
540,False,1.0,20,0,0.0,0,0,0,0,0.0,0.0,0,0,50,1,0,16.176121486001648,960
540,False,1.0,20,0,0.0,0,0,0,0,0.0,0.0,0,0,50,1,0,16.19605003797915,960
540,False,1.0,20,0,0.0,0,0,0,0,0.0,0.0,0,0,50,1,0,16.213398053951096,960
540,False,1.0,20,0,0.0,0,0,0,0,0.0,0.0,0,0,50,1,0,16.233406819985248,960
540,False,1.0,20,0,0.0,0,0,0,0,0.0,0.0,0,0,50,1,0,16.2499529189663,960
540,False,1.0,20,0,0.0,0,0,0,0,0.0,0.0,0,0,50,1,0,16.269478151982184,960
540,False,1.0,20,0,0.0,0,0,0,0,0.0,0.0,0,0,50,1,0,16.286129229003564,960
540,False,1.0,20,0,0.0,0,0,0,0,0.0,0.0,0,0,50,1,0,16.30584985797759,960
540,False,1.0,20,0,0.0,0,0,0,0,0.0,0.0,0,0,50,1,0,16.322311026975513,960
540,False,1.0,20,0,0.0,0,0,0,0,0.0,0.0,0,0,50,1,0,16.343193716951646,960
540,False,1.0,20,0,0.0,0,0,0,0,0.0,0.0,0,0,50,1,0,16.359970063960645,960
540,False,1.0,20,0,0.0,0,0,0,0,0.0,0.0,0,0,50,1,0,16.37835523096146,960
540,False,1.0,20,0,0.0,0,0,0,0,0.0,0.0,0,0,50,1,0,16.39550710999174,960
540,False,1.0,20,0,0.0,0,0,0,0,0.0,0.0,0,0,50,1,0,16.41410429897951,960
540,False,1.0,20,0,0.0,0,0,0,0,0.0,0.0,0,0,50,1,0,16.430514028994367,960
540,False,1.0,20,0,0.0,0,0,0,0,0.0,0.0,0,0,50,1,0,16.449149883992504,960
540,False,1.0,20,0,0.0,0,0,0,0,0.0,0.0,0,0,50,1,0,16.46587004000321,960
540,False,1.0,20,0,0.0,0,0,0,0,0.0,0.0,0,0,50,1,0,16.483460478950292,960
540,False,1.0,20,0,0.0,0,0,0,0,0.0,0.0,0,0,50,1,0,16.50006496795686,960
540,False,1.0,20,0,0.0,0,0,0,0,0.0,0.0,0,0,50,1,0,16.517645231971983,960
540,False,1.0,20,0,0.0,0,0,0,0,0.0,0.0,0,0,50,1,0,16.534290740964934,960
540,False,1.0,20,0,0.0,0,0,0,0,0.0,0.0,0,0,50,1,0,16.55208411300555,960
540,False,1.0,20,0,0.0,0,0,0,0,0.0,0.0,0,0,50,1,0,16.568921657977626,960
540,False,1.0,20,0,0.0,0,0,0,0,0.0,0.0,0,0,50,1,0,16.58661634195596,960
540,False,1.0,20,0,0.0,0,0,0,0,0.0,0.0,0,0,50,1,0,16.603479307959788,960
540,False,1.0,20,0,0.0,0,0,0,0,0.0,0.0,0,0,50,1,0,16.620249305968173,960
540,False,1.0,20,0,0.0,0,0,0,0,0.0,0.0,0,0,50,1,0,16.637278109963518,960
540,False,1.0,20,0,0.0,0,0,0,0,0.0,0.0,0,0,50,1,0,16.6541324579739,960
540,False,1.0,20,0,0.0,0,0,0,0,0.0,0.0,0,0,50,1,0,16.671101867977995,960
540,False,1.0,20,0,0.0,0,0,0,0,0.0,0.0,0,0,50,1,0,16.688948773953598,960
540,False,1.0,20,0,0.0,0,0,0,0,0.0,0.0,0,0,50,1,0,16.70566695398884,960
540,False,1.0,20,0,0.0,0,0,0,0,0.0,0.0,0,0,50,1,0,16.723218106955756,960
540,False,1.0,20,0,0.0,0,0,0,0,0.0,0.0,0,0,50,1,0,16.739973763993476,960
540,False,1.0,20,0,0.0,0,0,0,0,0.0,0.0,0,0,50,1,0,16.757700611953624,960
540,False,1.0,20,0,0.0,0,0,0,0,0.0,0.0,0,0,50,1,0,16.77431266295025,960
540,False,1.0,20,0,0.0,0,0,0,0,0.0,0.0,0,0,50,1,0,16.791236429999117,960
540,False,1.0,20,0,0.0,0,0,0,0,0.0,0.0,0,0,50,1,0,16.808412310958374,960
540,False,1.0,20,0,0.0,0,0,0,0,0.0,0.0,0,0,50,1,0,16.82694876397727,960
540,False,1.0,20,0,0.0,0,0,0,0,0.0,0.0,0,0,50,1,0,16.84365221799817,960
540,False,1.0,20,0,0.0,0,0,0,0,0.0,0.0,0,0,50,1,0,16.86269787600031,960
540,False,1.0,20,0,0.0,0,0,0,0,0.0,0.0,0,0,50,1,0,16.879454656969756,960
540,False,1.0,20,0,0.0,0,0,0,0,0.0,0.0,0,0,50,1,0,16.89926282298984,960
540,False,1.0,20,0,0.0,0,0,0,0,0.0,0.0,0,0,50,1,0,16.91512096999213,960
540,False,1.0,20,0,0.0,0,0,0,0,0.0,0.0,0,0,50,1,0,16.935440575995017,960
540,False,1.0,20,0,0.0,0,0,0,0,0.0,0.0,0,0,50,1,0,16.952644242963288,960
540,False,1.0,20,0,0.0,0,0,0,0,0.0,0.0,0,0,50,1,0,16.97112256794935,960
540,False,1.0,20,0,0.0,0,0,0,0,0.0,0.0,0,0,50,1,0,16.988609207968693,960
540,False,1.0,20,0,0.0,0,0,0,0,0.0,0.0,0,0,50,1,0,17.007522407977376,960
540,False,1.0,20,0,0.0,0,0,0,0,0.0,0.0,0,0,50,1,0,17.02428448694991,960
540,False,1.0,20,0,0.0,0,0,0,0,0.0,0.0,0,0,50,1,0,17.044029189972207,960
540,False,1.0,20,0,0.0,0,0,0,0,0.0,0.0,0,0,50,1,0,17.060926343954634,960
540,False,1.0,20,0,0.0,0,0,0,0,0.0,0.0,0,0,50,1,0,17.07911512395367,960
540,False,1.0,20,0,0.0,0,0,0,0,0.0,0.0,0,0,50,1,0,17.095092149975244,960
540,False,1.0,20,0,0.0,0,0,0,0,0.0,0.0,0,0,50,1,0,17.114375061995815,960
540,False,1.0,20,0,0.0,0,0,0,0,0.0,0.0,0,0,50,1,0,17.131103692983743,960
540,False,1.0,20,0,0.0,0,0,0,0,0.0,0.0,0,0,50,1,0,17.15118949697353,960
540,False,1.0,20,0,0.0,0,0,0,0,0.0,0.0,0,0,50,1,0,17.16718338098144,960
540,False,1.0,20,0,0.0,0,0,0,0,0.0,0.0,0,0,50,1,0,17.18376924894983,960
540,False,1.0,20,0,0.0,0,0,0,0,0.0,0.0,0,0,50,1,0,17.200165927002672,960
540,False,1.0,20,0,0.0,0,0,0,0,0.0,0.0,0,0,50,1,0,17.216766181983985,960
540,False,1.0,20,0,0.0,0,0,0,0,0.0,0.0,0,0,50,1,0,17.233627679990605,960
540,False,1.0,20,0,0.0,0,0,0,0,0.0,0.0,0,0,50,1,0,17.24910907499725,960
540,False,1.0,20,0,0.0,0,0,0,0,0.0,0.0,0,0,50,1,0,17.26515987800667,960
540,False,1.0,20,0,0.0,0,0,0,0,0.0,0.0,0,0,50,1,0,17.281767406966537,960
540,False,1.0,20,0,0.0,0,0,0,0,0.0,0.0,0,0,50,1,0,17.30040880397428,960
540,False,1.0,20,0,0.0,0,0,0,0,0.0,0.0,0,0,50,1,0,17.317507350991946,960
540,False,1.0,20,0,0.0,0,0,0,0,0.0,0.0,0,0,50,1,0,17.334693301992957,960
540,False,1.0,20,0,0.0,0,0,0,0,0.0,0.0,0,0,50,1,0,17.351754854957107,960
540,False,1.0,20,0,0.0,0,0,0,0,0.0,0.0,0,0,50,1,0,17.371102165954653,960
540,False,1.0,20,0,0.0,0,0,0,0,0.0,0.0,0,0,50,1,0,17.387951627955772,960
540,False,1.0,20,0,0.0,0,0,0,0,0.0,0.0,0,0,50,1,0,17.40680432098452,960
540,False,1.0,20,0,0.0,0,0,0,0,0.0,0.0,0,0,50,1,0,17.423525571997743,960
540,False,1.0,20,0,0.0,0,0,0,0,0.0,0.0,0,0,50,1,0,17.443770159967244,960
540,False,1.0,20,0,0.0,0,0,0,0,0.0,0.0,0,0,50,1,0,17.461657470965292,960
540,False,1.0,20,0,0.0,0,0,0,0,0.0,0.0,0,0,50,1,0,17.478581546980422,960
540,False,1.0,20,0,0.0,0,0,0,0,0.0,0.0,0,0,50,1,0,17.49568577297032,960
540,False,1.0,20,0,0.0,0,0,0,0,0.0,0.0,0,0,50,1,0,17.513969998981338,960
540,False,1.0,20,0,0.0,0,0,0,0,0.0,0.0,0,0,50,1,0,17.53103595599532,960
540,False,1.0,20,0,0.0,0,0,0,0,0.0,0.0,0,0,50,1,0,17.549047328997403,960
540,False,1.0,20,0,0.0,0,0,0,0,0.0,0.0,0,0,50,1,0,17.565049869997893,960
540,False,1.0,20,0,0.0,0,0,0,0,0.0,0.0,0,0,50,1,0,17.58192006999161,960
540,False,1.0,20,0,0.0,0,0,0,0,0.0,0.0,0,0,50,1,0,17.59819669998251,960
540,False,1.0,20,0,0.0,0,0,0,0,0.0,0.0,0,0,50,1,0,17.615040717006195,960
540,False,1.0,20,0,0.0,0,0,0,0,0.0,0.0,0,0,50,1,0,17.631777375994716,960
540,False,1.0,20,0,0.0,0,0,0,0,0.0,0.0,0,0,50,1,0,17.648752274981234,960
540,False,1.0,20,0,0.0,0,0,0,0,0.0,0.0,0,0,50,1,0,17.665731030981988,960
540,False,1.0,20,0,0.0,0,0,0,0,0.0,0.0,0,0,50,1,0,17.682887475995813,960
540,False,1.0,20,0,0.0,0,0,0,0,0.0,0.0,0,0,50,1,0,17.699040253006388,960
540,False,1.0,20,0,0.0,0,0,0,0,0.0,0.0,0,0,50,1,0,17.715512950962875,960
540,False,1.0,20,0,0.0,0,0,0,0,0.0,0.0,0,0,50,1,0,17.731332661001943,960
540,False,1.0,20,0,0.0,0,0,0,0,0.0,0.0,0,0,50,1,0,17.7477293270058,960
540,False,1.0,20,0,0.0,0,0,0,0,0.0,0.0,0,0,50,1,0,17.764223671983927,960
540,False,1.0,20,0,0.0,0,0,0,0,0.0,0.0,0,0,50,1,0,17.78123493498424,960
540,False,1.0,20,0,0.0,0,0,0,0,0.0,0.0,0,0,50,1,0,17.798452620976605,960
540,False,1.0,20,0,0.0,0,0,0,0,0.0,0.0,0,0,50,1,0,17.815358601976186,960
540,False,1.0,20,0,0.0,0,0,0,0,0.0,0.0,0,0,50,1,0,17.832603738002945,960
540,False,1.0,20,0,0.0,0,0,0,0,0.0,0.0,0,0,50,1,0,17.849280642985832,960
540,False,1.0,20,0,0.0,0,0,0,0,0.0,0.0,0,0,50,1,0,17.869523859000765,960
540,False,1.0,20,0,0.0,0,0,0,0,0.0,0.0,0,0,50,1,0,17.886842985986732,960
540,False,1.0,20,0,0.0,0,0,0,0,0.0,0.0,0,0,50,1,0,17.906051261990797,960
540,False,1.0,20,0,0.0,0,0,0,0,0.0,0.0,0,0,50,1,0,17.92306857299991,960
540,False,1.0,20,0,0.0,0,0,0,0,0.0,0.0,0,0,50,1,0,17.942295585991815,960
540,False,1.0,20,0,0.0,0,0,0,0,0.0,0.0,0,0,50,1,0,17.95864901097957,960
540,False,1.0,20,0,0.0,0,0,0,0,0.0,0.0,0,0,50,1,0,17.9782400369877,960
540,False,1.0,20,0,0.0,0,0,0,0,0.0,0.0,0,0,50,1,0,17.995547415979672,960
540,False,1.0,20,0,0.0,0,0,0,0,0.0,0.0,0,0,50,1,0,18.014613846957218,960
540,False,1.0,20,0,0.0,0,0,0,0,0.0,0.0,0,0,50,1,0,18.031635416962672,960
540,False,1.0,20,0,0.0,0,0,0,0,0.0,0.0,0,0,50,1,0,18.049359800003003,960
540,False,1.0,21,0,0.0,0,0,0,0,0.0,0.0,0,0,50,1,0,18.066343263955787,960
540,False,1.0,21,0,0.0,0,0,0,0,0.0,0.0,0,0,50,1,0,18.08303768496262,960
540,False,1.0,21,0,0.0,0,0,0,0,0.0,0.0,0,0,50,1,0,18.099390563962515,960
540,False,1.0,21,0,0.0,0,0,0,0,0.0,0.0,0,0,50,1,0,18.116115709999576,960
540,False,1.0,21,0,0.0,0,0,0,0,0.0,0.0,0,0,50,1,0,18.13259484700393,960
540,False,1.0,21,0,0.0,0,0,0,0,0.0,0.0,0,0,50,1,0,18.149802697997075,960
